Brnd_Name,Gnrc_Name,Tot_Mftr,Mftr_Name,Tot_Spndng_2018,Tot_Dsg_Unts_2018,Tot_Clms_2018,Tot_Benes_2018,Avg_Spnd_Per_Dsg_Unt_Wghtd_2018,Avg_Spnd_Per_Clm_2018,Avg_Spnd_Per_Bene_2018,Outlier_Flag_2018,Tot_Spndng_2019,Tot_Dsg_Unts_2019,Tot_Clms_2019,Tot_Benes_2019,Avg_Spnd_Per_Dsg_Unt_Wghtd_2019,Avg_Spnd_Per_Clm_2019,Avg_Spnd_Per_Bene_2019,Outlier_Flag_2019,Tot_Spndng_2020,Tot_Dsg_Unts_2020,Tot_Clms_2020,Tot_Benes_2020,Avg_Spnd_Per_Dsg_Unt_Wghtd_2020,Avg_Spnd_Per_Clm_2020,Avg_Spnd_Per_Bene_2020,Outlier_Flag_2020,Tot_Spndng_2021,Tot_Dsg_Unts_2021,Tot_Clms_2021,Tot_Benes_2021,Avg_Spnd_Per_Dsg_Unt_Wghtd_2021,Avg_Spnd_Per_Clm_2021,Avg_Spnd_Per_Bene_2021,Outlier_Flag_2021,Tot_Spndng_2022,Tot_Dsg_Unts_2022,Tot_Clms_2022,Tot_Benes_2022,Avg_Spnd_Per_Dsg_Unt_Wghtd_2022,Avg_Spnd_Per_Clm_2022,Avg_Spnd_Per_Bene_2022,Outlier_Flag_2022,Chg_Avg_Spnd_Per_Dsg_Unt_21_22,CAGR_Avg_Spnd_Per_Dsg_Unt_18_22
1st Tier Unifine Pentips,"Pen Needle, Diabetic",1,Overall,167193.78,761658.0,6538.0,2341.0,0.2197847893,25.572618538,71.419812046,0.0,139201.68,642471.0,5392.0,1878.0,0.2167879244,25.816335312,74.122300319,0.0,118923.24,547006.0,4457.0,1595.0,0.217701046,26.682351357,74.560025078,0.0,102280.76,459384.0,3708.0,1313.0,0.2230012539,27.583807983,77.898522468,0.0,70039.61,310304.0,2501,1147.0,0.225873987,28.004642143,61.063304272,0,0.0128821384,0.0068554988
1st Tier Unifine Pentips,"Pen Needle, Diabetic",1,Owen Mumford Us,167193.78,761658.0,6538.0,2341.0,0.2197847893,25.572618538,71.419812046,0.0,139201.68,642471.0,5392.0,1878.0,0.2167879244,25.816335312,74.122300319,0.0,118923.24,547006.0,4457.0,1595.0,0.217701046,26.682351357,74.560025078,0.0,102280.76,459384.0,3708.0,1313.0,0.2230012539,27.583807983,77.898522468,0.0,70039.61,310304.0,2501,1147.0,0.225873987,28.004642143,61.063304272,0,0.0128821384,0.0068554988
1st Tier Unifine Pentips Plus,"Pen Needle, Diabetic",1,Overall,369402.85,1813908.0,14931.0,5674.0,0.203657836,24.74066372,65.104485372,0.0,343031.42,1830596.0,14581.0,5319.0,0.1873888035,23.525918661,64.491712728,0.0,210217.15,1046616.0,8408.0,3905.0,0.200851195,25.002039724,53.832816901,0.0,131927.33,566872.0,4564.0,1766.0,0.2328115409,28.906075811,74.704037373,0.0,114601.54,486206.0,3846,1474.0,0.2357078344,29.797592304,77.748670285,0,0.0124405069,0.0372136493
1st Tier Unifine Pentips Plus,"Pen Needle, Diabetic",1,Owen Mumford Us,369402.85,1813908.0,14931.0,5674.0,0.203657836,24.74066372,65.104485372,0.0,343031.42,1830596.0,14581.0,5319.0,0.1873888035,23.525918661,64.491712728,0.0,210217.15,1046616.0,8408.0,3905.0,0.200851195,25.002039724,53.832816901,0.0,131927.33,566872.0,4564.0,1766.0,0.2328115409,28.906075811,74.704037373,0.0,114601.54,486206.0,3846,1474.0,0.2357078344,29.797592304,77.748670285,0,0.0124405069,0.0372136493
Abacavir,Abacavir Sulfate,6,Overall,10653423.32,3034767.0,40388.0,7359.0,4.0321546902,263.77694662,1447.6726892,0.0,10119967.63,3318767.0,42673.0,6085.0,3.4831510774,237.15153915,1663.1006787,0.0,9198597.07,2960286.0,37119.0,5068.0,3.4906128642,247.81370915,1815.0349388,0.0,7036063.99,2500817.0,30527.0,4254.0,3.1873452043,230.48658532,1653.9877739,0.0,6945563.71,2035106.0,24317,3452.0,3.8712355701,285.62584653,2012.0404722,0,0.2145642602,-0.010130134
Abacavir,Abacavir Sulfate,1,Mylan,1468380.35,329353.0,5307.0,1493.0,4.4583785482,276.68745996,983.50994642,0.0,1937920.78,500896.0,7984.0,1505.0,3.868908476,242.7255486,1287.6550033,0.0,1670937.94,414685.0,6225.0,1246.0,4.0294149535,268.42376546,1341.0416854,0.0,1040794.94,285628.0,4154.0,842.0,3.6438827426,250.55246509,1236.0985036,0.0,957143.18,217586.0,3116,595.0,4.3989189562,307.17046855,1608.644,0,0.2072065066,-0.003350955
Abacavir,Abacavir Sulfate,1,Rising Pharm,88001.92,175280.0,263.0,62.0,0.5020648106,334.60806084,1419.3858065,0.0,142257.84,312210.0,433.0,77.0,0.4556479293,328.54004619,1847.5044156,0.0,134219.38,284470.0,452.0,64.0,0.4718226175,296.94553097,2097.1778125,0.0,123118.64,262650.0,437.0,65.0,0.4687555302,281.73601831,1894.1329231,0.0,92432.25,196887.0,350,49.0,0.4694685276,264.09214286,1886.372449,0,0.0015210433,-0.016641955
Abacavir,Abacavir Sulfate,1,"Cipla USA, Inc.",227189.15,50997.0,832.0,241.0,4.4549512716,273.06388221,942.69356846,0.0,698311.33,192395.0,3311.0,698.0,3.6295710907,210.90647236,1000.4460315,0.0,758387.24,201025.0,3347.0,665.0,3.7726016167,226.58716463,1140.4319398,0.0,650297.1,204718.0,3276.0,651.0,3.1765506697,198.50338828,998.9202765,0.0,841670.56,282627.0,3500,705.0,2.9780260202,240.47730286,1193.8589504,0,-0.062496925,-0.095785676
Abacavir,Abacavir Sulfate,1,Major Pharmaceu,18653.71,4401.0,82.0,21.0,4.2385162463,227.48426829,888.27190476,0.0,9639.18,2474.0,44.0,16.0,3.896192401,219.07227273,602.44875,1.0,2218.37,1008.0,17.0,,2.2007638889,130.49235294,,1.0,8247.76,1889.0,39.0,,4.3662043409,211.48102564,,1.0,2507.96,619.0,23,,4.051631664,109.04173913,,1,-0.072047172,-0.01121009
Abacavir,Abacavir Sulfate,1,Camber Pharmace,4230093.55,1413429.0,16765.0,3360.0,3.6014263364,252.31694304,1258.9564137,0.0,4234275.07,1473874.0,17795.0,3305.0,3.1949178056,237.94746108,1281.1724871,0.0,4217073.33,1343347.0,16120.0,2951.0,3.3884973498,261.60504529,1429.0319654,0.0,3098891.42,1109140.0,12954.0,2373.0,3.0321813782,239.22274355,1305.8960893,0.0,3116371.97,846204.0,9763,1767.0,4.0909954694,319.2022913,1763.6513696,0,0.3491922016,0.0323777016
Abacavir,Abacavir Sulfate,1,Aurobindo Pharm,4621104.64,1061307.0,17139.0,3336.0,4.354163913,269.62510298,1385.2232134,0.0,3097563.43,836918.0,13106.0,2299.0,3.7011552267,236.34697314,1347.3525141,0.0,2415760.81,715751.0,10958.0,1757.0,3.375141369,220.45636156,1374.9350085,0.0,2114714.13,636792.0,9667.0,1549.0,3.3208867731,218.75598738,1365.212479,0.0,1935437.79,491183.0,7565,1155.0,3.9403598862,255.84108262,1675.7037143,0,0.1865384626,-0.024656085
Abacavir-Lamivudine,Abacavir Sulfate/Lamivudine,4,Overall,15957795.55,1429260.0,45575.0,8681.0,11.162908956,350.1436215,1838.2439293,1.0,16480869.86,1448269.0,42663.0,6423.0,11.36625234,386.30358531,2565.9146598,0.0,11265372.88,996520.0,27766.0,4752.0,11.281323133,405.72545127,2370.6592761,0.0,9294117.32,1104102.0,29168.0,4032.0,8.4220379403,318.64088453,2305.088621,1.0,11966266.63,990318.0,25001,3427.0,12.03507537,478.63151994,3491.7614911,0,0.4289979997,0.018985157
Abacavir-Lamivudine,Abacavir Sulfate/Lamivudine,1,Lupin Pharmaceu,4837959.11,434734.0,14396.0,2559.0,11.128550125,336.0627334,1890.5662798,1.0,3869971.45,333466.0,10504.0,1850.0,11.605295442,368.42835586,2091.8764595,0.0,4155363.86,369520.0,10831.0,1929.0,11.245301635,383.65468193,2154.1544116,1.0,2333229.56,255790.0,7346.0,1216.0,9.1216605809,317.61905255,1918.7743092,1.0,2092414.42,167358.0,4901,924.0,12.502625629,426.93622118,2264.5177706,0,0.3706523629,0.0295339208
Abacavir-Lamivudine,Abacavir Sulfate/Lamivudine,1,"Cipla USA, Inc.",6073233.32,552209.0,17484.0,3232.0,10.998070151,347.35948982,1879.0944678,1.0,5147233.64,502897.0,14962.0,2625.0,10.235164736,344.02042775,1960.8509105,0.0,2201494.1,203610.0,5979.0,1511.0,10.812308335,368.20439873,1456.9782263,1.0,3574313.32,451517.0,12337.0,2013.0,7.9162319913,289.72305423,1775.6151615,1.0,5578396.02,499620.0,12927,2138.0,11.165277651,431.53059643,2609.1655847,0,0.4104283027,0.0037793579
Abacavir-Lamivudine,Abacavir Sulfate/Lamivudine,1,Burel Pharmaceu,,,,,,,,,3423734.03,287300.0,7849.0,1608.0,11.916930143,436.2000293,2129.1878296,0.0,2091576.23,174960.0,4163.0,1353.0,11.954596651,502.42042517,1545.8804361,0.0,256577.42,29266.0,823.0,380.0,8.7670819381,311.75871203,675.20373684,0.0,17070.75,1470.0,39,20.0,11.612755102,437.71153846,853.5375,0,0.3245861262,-0.008581638
Abacavir-Lamivudine,Abacavir Sulfate/Lamivudine,1,Aurobindo Pharm,5046603.12,442317.0,13695.0,2311.0,11.409471307,368.49968018,2183.7313371,1.0,4039930.74,324606.0,9348.0,1597.0,12.445644073,432.17059692,2529.6998998,0.0,2816938.69,248430.0,6793.0,1383.0,11.33896345,414.68256882,2036.8320246,0.0,3129997.02,367529.0,8662.0,1603.0,8.5163266572,361.34807435,1952.5870368,1.0,4278385.44,321870.0,7134,1347.0,13.292277752,599.71761144,3176.2326949,0,0.5607994253,0.0389232652
Abacavir-Lamivudine-Zidovudine,Abacavir/Lamivudine/Zidovudine,1,Overall,6955321.12,330735.0,5298.0,710.0,21.029891363,1312.8201435,9796.2269296,0.0,4849598.99,225020.0,3648.0,493.0,21.551857568,1329.385688,9836.914787,0.0,2085404.63,96333.0,1585.0,290.0,21.647873833,1315.7127003,7191.0504483,0.0,146795.2,7002.0,118.0,32.0,20.964752928,1244.0271186,4587.35,0.0,68772.61,3150.0,59,15.0,21.832574603,1165.6374576,4584.8406667,0,0.0413943192,0.0094085544
Abacavir-Lamivudine-Zidovudine,Abacavir/Lamivudine/Zidovudine,1,Lupin Pharmaceu,6955321.12,330735.0,5298.0,710.0,21.029891363,1312.8201435,9796.2269296,0.0,4849598.99,225020.0,3648.0,493.0,21.551857568,1329.385688,9836.914787,0.0,2085404.63,96333.0,1585.0,290.0,21.647873833,1315.7127003,7191.0504483,0.0,146795.2,7002.0,118.0,32.0,20.964752928,1244.0271186,4587.35,0.0,68772.61,3150.0,59,15.0,21.832574603,1165.6374576,4584.8406667,0,0.0413943192,0.0094085544
Abelcet,Amphotericin B Lipid Complex,1,Overall,766166.41,101857.38,620.0,205.0,7.5219528521,1235.7522742,3737.397122,0.0,618247.3,120570.0,777.0,226.0,5.1277042382,795.68507079,2735.6075221,0.0,637913.66,124320.0,826.0,238.0,5.1312231338,772.29256659,2680.3094958,0.0,504545.33,97200.0,697.0,199.0,5.1907955761,723.88139168,2535.4036683,0.0,297179.43,53540.0,350,113.0,5.5506057154,849.08408571,2629.9064602,0,0.0693169542,-0.073164963
Abelcet,Amphotericin B Lipid Complex,1,Leadiant Biosci,766166.41,101857.38,620.0,205.0,7.5219528521,1235.7522742,3737.397122,0.0,618247.3,120570.0,777.0,226.0,5.1277042382,795.68507079,2735.6075221,0.0,637913.66,124320.0,826.0,238.0,5.1312231338,772.29256659,2680.3094958,0.0,504545.33,97200.0,697.0,199.0,5.1907955761,723.88139168,2535.4036683,0.0,297179.43,53540.0,350,113.0,5.5506057154,849.08408571,2629.9064602,0,0.0693169542,-0.073164963
Abilify,Aripiprazole,1,Overall,31071646.36,950552.33,25660.0,4690.0,32.843309582,1210.8981434,6625.0845117,0.0,26854630.75,808281.5,20939.0,3670.0,33.402208187,1282.517348,7317.338079,0.0,24481910.61,716447.5,17689.0,2532.0,34.436527492,1384.0189163,9669.0010308,0.0,20484851.18,633899.0,15261.0,2174.0,32.656164441,1342.3007129,9422.6546366,0.0,13141218.3,575817.0,13586,1920.0,23.109644371,967.26176211,6844.3845312,0,-0.292334395,-0.084124193
Abilify,Aripiprazole,1,Otsuka America,31071646.36,950552.33,25660.0,4690.0,32.843309582,1210.8981434,6625.0845117,0.0,26854630.75,808281.5,20939.0,3670.0,33.402208187,1282.517348,7317.338079,0.0,24481910.61,716447.5,17689.0,2532.0,34.436527492,1384.0189163,9669.0010308,0.0,20484851.18,633899.0,15261.0,2174.0,32.656164441,1342.3007129,9422.6546366,0.0,13141218.3,575817.0,13586,1920.0,23.109644371,967.26176211,6844.3845312,0,-0.292334395,-0.084124193
Abilify Maintena,Aripiprazole,1,Overall,345893454.06,165452.467,164759.0,22935.0,2090.8041256,2099.3903463,15081.467367,0.0,422038582.34,189937.35,189140.0,25421.0,2222.0696373,2231.3555162,16601.966183,0.0,460313112.01,204264.771,203218.0,25646.0,2253.5948883,2265.1197827,17948.729315,0.0,499429110.88,210840.18,208784.0,26393.0,2368.5084279,2392.0851736,18922.786757,0.0,563682902.82,220767.4,219843,27676.0,2553.3425156,2564.0247941,20367.209959,0,0.0780381803,0.0512328703
Abilify Maintena,Aripiprazole,1,Otsuka America,345893454.06,165452.467,164759.0,22935.0,2090.8041256,2099.3903463,15081.467367,0.0,422038582.34,189937.35,189140.0,25421.0,2222.0696373,2231.3555162,16601.966183,0.0,460313112.01,204264.771,203218.0,25646.0,2253.5948883,2265.1197827,17948.729315,0.0,499429110.88,210840.18,208784.0,26393.0,2368.5084279,2392.0851736,18922.786757,0.0,563682902.82,220767.4,219843,27676.0,2553.3425156,2564.0247941,20367.209959,0,0.0780381803,0.0512328703
Abilify Mycite,Aripiprazole,1,Overall,,,,,,,,,40552.86,720.0,24.0,,56.323416667,1689.7025,,1.0,92372.21,1620.0,47.0,15.0,56.908812057,1965.3661702,6158.1473333,1.0,56308.8,990.0,31.0,,56.778172043,1816.4129032,,1.0,75603.15,1320.0,44,,57.275113636,1718.2534091,,1,0.0087523352,0.0056009058
Abilify Mycite,Aripiprazole,1,Otsuka America,,,,,,,,,40552.86,720.0,24.0,,56.323416667,1689.7025,,1.0,92372.21,1620.0,47.0,15.0,56.908812057,1965.3661702,6158.1473333,1.0,56308.8,990.0,31.0,,56.778172043,1816.4129032,,1.0,75603.15,1320.0,44,,57.275113636,1718.2534091,,1,0.0087523352,0.0056009058
Abiraterone Acetate,Abiraterone Acetate,18,Overall,26623436.37,435123.0,3624.0,3328.0,61.154204106,7346.4228394,7999.83064,0.0,512604238.08,11518438.999,98661.0,17787.0,44.438030546,5195.6116204,28819.038516,0.0,499949838.0,17267971.997,151737.0,23638.0,28.961859174,3294.8446193,21150.259667,0.0,601154528.95,21241242.0,199285.0,30513.0,33.682097272,3016.5568354,19701.587158,0.0,701850079.96,24176424.0,230081,35733.0,34.976978297,3050.4477986,19641.510088,0,0.0384441923,-0.130361031
Abiraterone Acetate,Abiraterone Acetate,1,Apotex Corp,10934145.94,171807.0,1420.0,1334.0,63.642028206,7700.1027746,8196.5111994,0.0,114778256.63,2218449.0,19000.0,6121.0,51.738064129,6040.9608753,18751.553117,0.0,71640280.53,1992035.0,17507.0,4741.0,35.963364364,4092.0934786,15110.795303,0.0,43828187.66,1497395.0,13837.0,3612.0,31.632935659,3167.4631539,12134.04974,0.0,53537526.58,1295976.0,13337,3548.0,51.487840949,4014.2105856,15089.494526,0,0.6276655921,-0.051603009
Abiraterone Acetate,Abiraterone Acetate,1,Glenmark Pharma,,,,,,,,,,,,,,,,,,,,,,,,,582002.55,26368.0,236.0,185.0,22.072305446,2466.1125,3145.9597297,0.0,36913029.0,1225947.0,11507,3591.0,33.858290474,3207.8759885,10279.31746,0,0.533971635,0.533971635
Abiraterone Acetate,Abiraterone Acetate,1,Dr.Reddy'S Lab,,,,,,,,,,,,,,,,,626395.12,20008.0,159.0,104.0,31.307233107,3939.5919497,6023.03,0.0,1840647.11,59117.0,545.0,239.0,31.135665037,3377.3341468,7701.4523431,0.0,16295701.94,561374.0,4989,1648.0,29.028244878,3266.3263059,9888.1686529,0,-0.067685086,-0.037084793
Abiraterone Acetate,Abiraterone Acetate,1,Novugen Pharma,,,,,,,,,,,,,,,,,,,,,,,,,,,,,,,,,669762.06,13840.0,140,68.0,60.843020941,4784.0147143,9849.4420588,0,,
Abiraterone Acetate,Abiraterone Acetate,1,"Celltrion USA,",,,,,,,,,,,,,,,,,945649.24,293706.0,2534.0,1003.0,3.2197137273,373.18438832,942.82077767,0.0,4898138.39,1457548.0,12936.0,2784.0,3.3605331625,378.64396954,1759.3887895,0.0,120810344.99,3321888.0,33500,7306.0,44.184685226,3606.2789549,16535.771283,0,12.148117602,2.7044799886
Abiraterone Acetate,Abiraterone Acetate,1,Wockhardt USA L,,,,,,,,,8538883.37,196154.0,1712.0,819.0,43.531528136,4987.6655199,10425.987021,0.0,15147557.6,500973.0,4492.0,1573.0,30.236275408,3372.118789,9629.7251113,0.0,9167613.92,373812.0,3463.0,1352.0,24.524664591,2647.3040485,6780.7795266,0.0,9032292.89,330584.0,3031,1190.0,27.322232443,2979.9712603,7590.1620924,0,0.114071605,-0.143808807
Abiraterone Acetate,Abiraterone Acetate,1,West-Ward/Hikma,1127427.3,29604.0,255.0,249.0,38.083613701,4421.2835294,4527.8204819,1.0,15366088.51,871312.0,7643.0,1731.0,17.635575443,2010.4786746,8877.0008723,0.0,3903999.61,1489945.0,13174.0,2053.0,2.6202306864,296.34124867,1901.6072138,0.0,3089709.84,1951977.0,17105.0,2635.0,1.5828618063,180.6319696,1172.5654042,0.0,3501028.36,2621003.0,21807,3390.0,1.3357590052,160.5460797,1032.7517286,0,-0.156111418,-0.567239624
Abiraterone Acetate,Abiraterone Acetate,1,Northstar Rx Ll,,,,,,,,,,,,,,,,,445297.27,17602.0,149.0,149.0,25.298106465,2988.5722819,2988.5722819,0.0,33110769.99,1386645.0,12105.0,2589.0,23.878332226,2735.2969839,12789.018922,0.0,40450561.47,1415352.0,12829,3104.0,31.059031961,3153.0564713,13031.753051,0,0.3007203211,0.1080259963
Abiraterone Acetate,Abiraterone Acetate,1,Patriot Pharmac,8067619.77,125781.0,1054.0,974.0,64.140210127,7654.2882068,8282.9771766,0.0,231496652.37,5053365.999,43147.0,10563.0,45.81038706,5365.3012346,21915.805393,0.0,98574761.07,2983608.997,26288.0,6842.0,33.03876653,3749.8007102,14407.302115,0.0,3649785.15,124313.0,1094.0,348.0,29.359641791,3336.1838665,10487.888362,0.0,252071.28,10440.0,82,40.0,24.144758621,3074.04,6301.782,0,-0.177620804,-0.216709025
Abiraterone Acetate,Abiraterone Acetate,1,Novadoz Pharmac,,,,,,,,,20635781.2,564258.0,4957.0,2138.0,36.571535007,4162.957676,9651.9088868,0.0,182376285.57,6169405.0,54225.0,12624.0,29.561405933,3363.3247685,14446.790682,0.0,233618611.16,9414775.0,84087.0,15670.0,24.81404082,2778.2964211,14908.65419,0.0,216361472.7,9218859.0,82563,16102.0,23.469441576,2620.5621489,13436.931605,0,-0.054187033,-0.137445546
Abiraterone Acetate,Abiraterone Acetate,1,Florida Pharmac,,,,,,,,,,,,,,,,,,,,,,,,,,,,,,,,,33547.73,20150.0,165,152.0,1.6648997519,203.31957576,220.70875,0,,
Abiraterone Acetate,Abiraterone Acetate,1,"Civicascript, L",,,,,,,,,,,,,,,,,,,,,,,,,,,,,,,,,13756.51,7560.0,67,34.0,1.8196441799,205.32104478,404.60323529,0,,
Abiraterone Acetate,Abiraterone Acetate,1,Mylan,4650291.61,80017.0,653.0,599.0,58.116295412,7121.4266616,7763.4250584,0.0,89624661.26,1938999.0,16412.0,4018.0,46.222128665,5460.9225725,22305.789263,0.0,46509342.26,1227017.0,10676.0,2876.0,38.1716888,4356.4389528,16171.537643,0.0,105057491.89,1174828.0,15673.0,4349.0,103.38309006,6703.0875959,24156.700825,0.0,64626491.04,663377.0,10295,2908.0,102.83913715,6277.4639184,22223.690179,0,-0.005261527,0.1533606371
Abiraterone Acetate,Abiraterone Acetate,1,Amneal Pharmace,,,,,,,,,20386448.34,439622.0,3774.0,1234.0,46.37267548,5401.8146105,16520.622642,0.0,24080851.95,967757.0,8438.0,2263.0,24.883159667,2853.8577803,10641.118847,0.0,98437342.1,1807128.0,20654.0,4355.0,72.583651807,4766.0183064,22603.293249,0.0,93297676.03,1882144.0,21766,5237.0,65.379357625,4286.395113,17815.09949,0,-0.099255053,0.1213112135
Abiraterone Acetate,Abiraterone Acetate,1,Bluepoint/Oncop,,,,,,,,,,,,,,,,,,,,,,,,,8944728.38,326848.0,2779.0,839.0,27.366630299,3218.685995,10661.178045,0.0,26482869.57,983706.0,8539,1827.0,26.921528963,3101.4017531,14495.276174,0,-0.016264382,-0.016264382
Abiraterone Acetate,Abiraterone Acetate,1,Major Pharmaceu,,,,,,,,,,,,,,,,,4632.8,556.0,11.0,,8.3323741007,421.16363636,,1.0,19197.61,4259.0,67.0,38.0,4.5075393285,286.53149254,505.20026316,0.0,48852.49,11121.0,150,62.0,4.3928144951,325.68326667,787.9433871,0,-0.025451765,-0.273915691
Abiraterone Acetate,Abiraterone Acetate,1,Rising Pharm,,,,,,,,,,,,,,,,,52080902.12,1508851.0,13222.0,3140.0,34.516928524,3938.9579579,16586.274561,0.0,54513705.91,1624314.0,14601.0,3533.0,33.561063877,3733.55975,15429.86298,0.0,19109349.32,579171.0,5186,2034.0,32.994313113,3684.7954724,9394.9603343,0,-0.016887151,-0.02230482
Abiraterone Acetate,Abiraterone Acetate,1,Teva USA,1843951.75,27914.0,242.0,214.0,66.058313033,7619.6353306,8616.5969626,0.0,11777466.4,236279.0,2016.0,679.0,49.845591017,5841.9972222,17345.31134,0.0,3613882.86,96508.0,862.0,325.0,37.446458946,4192.4395128,11119.639569,0.0,396597.29,11915.0,103.0,25.0,33.28554679,3850.4591262,15863.8916,0.0,413746.0,13932.0,128,35.0,29.697530864,3232.390625,11821.314286,0,-0.107795012,-0.181161572
Abraxane,Paclitaxel Protein-Bound,1,Overall,5675297.99,4441.0,828.0,236.0,1277.9324454,6854.2246256,24047.872839,0.0,8803136.55,6318.0,1190.0,333.0,1393.342284,7397.5937395,26435.845495,0.0,9792937.31,6620.0,1286.0,319.0,1479.2956662,7615.0367885,30698.863041,0.0,9534884.71,6081.0,1200.0,307.0,1567.9797254,7945.7372583,31058.256384,0.0,6230057.81,3744.0,810,220.0,1664.0111672,7691.4293951,28318.444591,0,0.0612453339,0.0682233946
Abraxane,Paclitaxel Protein-Bound,1,Celgene/BMS,5675297.99,4441.0,828.0,236.0,1277.9324454,6854.2246256,24047.872839,0.0,8803136.55,6318.0,1190.0,333.0,1393.342284,7397.5937395,26435.845495,0.0,9792937.31,6620.0,1286.0,319.0,1479.2956662,7615.0367885,30698.863041,0.0,9534884.71,6081.0,1200.0,307.0,1567.9797254,7945.7372583,31058.256384,0.0,6230057.81,3744.0,810,220.0,1664.0111672,7691.4293951,28318.444591,0,0.0612453339,0.0682233946
Absorica,Isotretinoin,1,Overall,317230.79,8970.0,180.0,78.0,35.323289214,1762.3932778,4067.0614103,0.0,256597.51,6840.0,150.0,47.0,37.435019327,1710.6500667,5459.5214894,0.0,235353.71,6180.0,126.0,52.0,37.944869135,1867.8865873,4526.0328846,0.0,163699.34,4090.0,88.0,35.0,39.690154659,1860.2197727,4677.124,0.0,93008.56,2250.0,51,24.0,41.151284582,1823.6972549,3875.3566667,0,0.0368134097,0.0389163113
Absorica,Isotretinoin,1,Sun Pharmaceuti,317230.79,8970.0,180.0,78.0,35.323289214,1762.3932778,4067.0614103,0.0,256597.51,6840.0,150.0,47.0,37.435019327,1710.6500667,5459.5214894,0.0,235353.71,6180.0,126.0,52.0,37.944869135,1867.8865873,4526.0328846,0.0,163699.34,4090.0,88.0,35.0,39.690154659,1860.2197727,4677.124,0.0,93008.56,2250.0,51,24.0,41.151284582,1823.6972549,3875.3566667,0,0.0368134097,0.0389163113
Absorica Ld,"Isotretinoin, Micronized",1,Overall,,,,,,,,,,,,,,,,,25585.7,690.0,15.0,,37.42603165,1705.7133333,,1.0,81264.22,2130.0,31.0,11.0,38.278067742,2621.4264516,7387.6563636,1.0,24902.87,630.0,15,,39.486837037,1660.1913333,,1,0.0315786393,0.0271628023
Absorica Ld,"Isotretinoin, Micronized",1,Sun Pharmaceuti,,,,,,,,,,,,,,,,,25585.7,690.0,15.0,,37.42603165,1705.7133333,,1.0,81264.22,2130.0,31.0,11.0,38.278067742,2621.4264516,7387.6563636,1.0,24902.87,630.0,15,,39.486837037,1660.1913333,,1,0.0315786393,0.0271628023
Acamprosate Calcium,Acamprosate Calcium,6,Overall,5272879.18,5536265.0,34628.0,10706.0,0.952239019,152.27212603,492.51626938,0.0,6133862.01,6113938.0,37124.0,11649.0,1.0034934175,165.22632286,526.55695854,0.0,6475928.88,6671390.0,40041.0,11880.0,0.9709350444,161.73244624,545.11185859,0.0,7045996.74,7253219.0,43349.0,13110.0,0.9709590852,162.54115989,537.4520778,0.0,7435039.55,7604129.0,45173,13739.0,0.9766398704,164.59034268,541.16307955,0,0.0058506947,0.0063455238
Acamprosate Calcium,Acamprosate Calcium,1,Glenmark Pharma,3043129.45,3171030.0,19572.0,6477.0,0.9596659287,155.48382638,469.83625907,0.0,3741077.17,3796463.0,22641.0,7645.0,0.9854112025,165.23462612,489.34953172,0.0,3920114.18,4086170.0,23940.0,7724.0,0.9593614999,163.74745948,507.52384516,0.0,4262923.33,4353044.0,25692.0,8566.0,0.9792970919,165.92415265,497.65623745,0.0,4337637.12,4366269.0,25208,8612.0,0.9934424837,172.07383053,503.67360892,0,0.0144444336,0.0086852334
Acamprosate Calcium,Acamprosate Calcium,1,Marlex Pharm.,5338.07,4643.0,35.0,24.0,1.1497027784,152.51628571,222.41958333,0.0,6121.51,6614.0,48.0,27.0,0.9255382522,127.53145833,226.72259259,0.0,4808.02,4686.0,28.0,23.0,1.0260392659,171.715,209.04434783,1.0,9231.61,8475.0,58.0,44.0,1.0892755162,159.16568966,209.80931818,0.0,2979.37,3694.0,27,11.0,0.8065430428,110.34703704,270.85181818,1,-0.259560111,-0.084811631
Acamprosate Calcium,Acamprosate Calcium,1,Mylan,523392.12,573142.0,3774.0,1612.0,0.9131979858,138.6836566,324.68493797,0.0,150985.65,169386.0,1106.0,582.0,0.8913703022,136.51505425,259.42551546,0.0,787116.88,906051.0,5686.0,2022.0,0.868733526,138.4306859,389.2763996,0.0,812965.38,935701.0,5812.0,2239.0,0.8688302994,139.87704405,363.09306833,0.0,685171.27,789777.0,5031,1824.0,0.8675502958,136.18987676,375.64214364,0,-0.001473249,-0.012737982
Acamprosate Calcium,Acamprosate Calcium,1,AHP,3358.03,2860.0,27.0,17.0,1.1741363636,124.37148148,197.53117647,1.0,2461.5,2537.0,28.0,14.0,0.9702404415,87.910714286,175.82142857,1.0,3366.34,3121.0,30.0,22.0,1.0786094201,112.21133333,153.01545455,0.0,6457.22,6032.0,53.0,33.0,1.0704940318,121.83433962,195.67333333,0.0,3790.62,3960.0,28,20.0,0.9572272727,135.37928571,189.531,1,-0.105807931,-0.049780078
Acamprosate Calcium,Acamprosate Calcium,1,Zydus Pharmaceu,1592019.25,1673011.0,10463.0,4051.0,0.9515892304,152.15705343,392.99413725,0.0,2161886.42,2064910.0,12820.0,4598.0,1.0469639936,168.63388612,470.17973467,0.0,1727652.52,1638918.0,10153.0,3824.0,1.0541421352,170.16177681,451.79197699,0.0,1924716.56,1918245.0,11538.0,4330.0,1.0033736879,166.81544115,444.50728868,0.0,2379337.1,2411786.0,14651,5635.0,0.9865456968,162.40100334,422.2426087,0,-0.01677141,0.0090598405
Acamprosate Calcium,Acamprosate Calcium,1,Teva USA,105642.26,111579.0,757.0,410.0,0.946793393,139.55384412,257.66404878,0.0,71329.76,74028.0,481.0,246.0,0.9635510888,148.29471933,289.95837398,0.0,32870.94,32444.0,204.0,96.0,1.0131592899,161.13205882,342.405625,0.0,29702.64,31722.0,196.0,72.0,0.9363419709,151.54408163,412.53666667,0.0,26124.07,28643.0,228,56.0,0.9120577453,114.57925439,466.50125,0,-0.02593521,-0.009300875
Acanya,Clindamycin Phos/Benzoyl Perox,1,Overall,146741.77,13850.0,254.0,143.0,10.595073646,577.72350394,1026.1662238,0.0,60935.72,5750.0,107.0,56.0,10.597516522,569.49271028,1088.1378571,0.0,33711.89,3150.0,60.0,15.0,10.702187302,561.86483333,2247.4593333,0.0,15964.61,1450.0,29.0,,11.010075862,550.5037931,,1.0,9928.83,900.0,18,,11.032033333,551.60166667,,1,0.001994307,0.0101547176
Acanya,Clindamycin Phos/Benzoyl Perox,1,Bausch Health U,146741.77,13850.0,254.0,143.0,10.595073646,577.72350394,1026.1662238,0.0,60935.72,5750.0,107.0,56.0,10.597516522,569.49271028,1088.1378571,0.0,33711.89,3150.0,60.0,15.0,10.702187302,561.86483333,2247.4593333,0.0,15964.61,1450.0,29.0,,11.010075862,550.5037931,,1.0,9928.83,900.0,18,,11.032033333,551.60166667,,1,0.001994307,0.0101547176
Acarbose,Acarbose,4,Overall,7782118.77,22122226.0,157399.0,42897.0,0.3513957871,49.441983558,181.41405623,0.0,8782064.06,25533931.0,173977.0,44062.0,0.3438656995,50.478304948,199.31151695,0.0,10722866.7,28611239.991,185085.0,43961.0,0.3749768894,57.934822919,243.9177157,0.0,10728639.22,28967751.5,180238.0,44200.0,0.3708114546,59.524846148,242.72939412,0.0,10098039.82,28434387.0,174307,43168.0,0.3569647831,57.932497375,233.92419894,0,-0.037341542,0.0039387223
Acarbose,Acarbose,1,Roxane/West-War,307877.52,897667.0,8449.0,2191.0,0.3418503757,36.439521837,140.51917846,0.0,2166182.96,6379462.0,41178.0,13130.0,0.3394588442,52.605346544,164.97966184,0.0,4384018.53,11404856.491,72172.0,21039.0,0.3849154814,60.744035499,208.37580351,0.0,4669434.02,12129566.5,75533.0,20671.0,0.3850593207,61.819787642,225.89299115,0.0,3917330.86,10672720.5,63027,18167.0,0.3667856206,62.153217827,215.62893488,0,-0.047456844,0.0177569107
Acarbose,Acarbose,1,Virtus Pharmace,5005722.25,14225421.5,94608.0,27176.0,0.3507641664,52.910137092,184.19643251,0.0,2387051.97,6757172.5,42018.0,15316.0,0.352588006,56.810223476,155.85348459,0.0,2526822.01,6822731.0,39224.0,14146.0,0.36942969,64.420304151,178.62448819,0.0,2185093.64,6226653.5,34473.0,11298.0,0.3503377406,63.3856537,193.40534962,0.0,1310644.33,4589886.5,24510,9545.0,0.286139469,53.473860873,137.31213515,0,-0.183246805,-0.049634556
Acarbose,Acarbose,1,Strides Pharma,2436933.51,6912154.5,53553.0,16385.0,0.353783933,45.505079267,148.72953982,0.0,4201059.18,12321669.5,90053.0,23637.0,0.3416168367,46.6509631,177.73233405,0.0,3798277.52,10349363.5,73353.0,22003.0,0.3680367125,51.780806784,172.62543835,0.0,3835408.06,10505598.5,69403.0,19761.0,0.3655415675,55.262856937,194.08977582,0.0,4612615.79,12469754.5,81131,22970.0,0.3701967831,56.85392501,200.81043927,0,0.0127351197,0.0114015939
Acarbose,Acarbose,1,Avet Pharmaceut,31585.49,86983.0,789.0,208.0,0.3672553245,40.032306717,151.85331731,0.0,27769.95,75627.0,728.0,182.0,0.3678883019,38.145535714,152.58214286,0.0,13748.64,34289.0,336.0,105.0,0.4028878716,40.918571429,130.93942857,0.0,38703.5,105933.0,829.0,571.0,0.36520499,46.686972256,67.781961471,0.0,257448.84,702025.5,5639,1826.0,0.3646656383,45.655052314,140.99060241,0,-0.001476847,-0.001767546
Accolate,Zafirlukast,1,Overall,335122.21,89645.0,951.0,166.0,3.738054399,352.38928496,2018.808494,0.0,267173.42,70926.0,731.0,141.0,3.7665431835,365.49031464,1894.8469504,0.0,241732.21,64927.0,635.0,121.0,3.7231384478,380.68064567,1997.7868595,0.0,217404.57,57295.0,521.0,103.0,3.7946403214,417.28324376,2110.7239806,0.0,149766.1,40235.0,358,91.0,3.7238647116,418.34106145,1645.7813187,0,-0.018651467,-0.000950356
Accolate,Zafirlukast,1,Par Pharmaceuti,335122.21,89645.0,951.0,166.0,3.738054399,352.38928496,2018.808494,0.0,267173.42,70926.0,731.0,141.0,3.7665431835,365.49031464,1894.8469504,0.0,241732.21,64927.0,635.0,121.0,3.7231384478,380.68064567,1997.7868595,0.0,217404.57,57295.0,521.0,103.0,3.7946403214,417.28324376,2110.7239806,0.0,149766.1,40235.0,358,91.0,3.7238647116,418.34106145,1645.7813187,0,-0.018651467,-0.000950356
Accupril,Quinapril HCl,1,Overall,2823256.85,609380.0,7383.0,1640.0,4.6332509241,382.3996817,1721.4980793,0.0,2657878.87,575596.0,6757.0,1518.0,4.617106115,393.35191209,1750.9083465,0.0,2298518.54,500787.0,5639.0,1311.0,4.5900908149,407.61101968,1753.255942,0.0,1802400.49,386511.0,4302.0,1045.0,4.6659065874,418.9680358,1724.7851579,0.0,320682.07,67553.0,819,500.0,4.755617946,391.55319902,641.36414,0,0.0192269941,0.0065382515
Accupril,Quinapril HCl,1,Pfizer US Pharm,2823256.85,609380.0,7383.0,1640.0,4.6332509241,382.3996817,1721.4980793,0.0,2657878.87,575596.0,6757.0,1518.0,4.617106115,393.35191209,1750.9083465,0.0,2298518.54,500787.0,5639.0,1311.0,4.5900908149,407.61101968,1753.255942,0.0,1802400.49,386511.0,4302.0,1045.0,4.6659065874,418.9680358,1724.7851579,0.0,320682.07,67553.0,819,500.0,4.755617946,391.55319902,641.36414,0,0.0192269941,0.0065382515
Accuretic,Quinapril/Hydrochlorothiazide,1,Overall,354071.71,80439.0,932.0,229.0,4.4020746356,379.90526824,1546.1646725,0.0,311595.63,70847.0,776.0,211.0,4.3976987025,401.54076031,1476.7565403,0.0,256406.1,59908.0,643.0,169.0,4.2826001662,398.76531882,1517.195858,0.0,162706.28,37158.0,389.0,119.0,4.3757112551,418.26807198,1367.2796639,0.0,15221.02,3690.0,43,36.0,4.1558560333,353.9772093,422.80611111,1,-0.050244454,-0.014286344
Accuretic,Quinapril/Hydrochlorothiazide,1,Pfizer US Pharm,354071.71,80439.0,932.0,229.0,4.4020746356,379.90526824,1546.1646725,0.0,311595.63,70847.0,776.0,211.0,4.3976987025,401.54076031,1476.7565403,0.0,256406.1,59908.0,643.0,169.0,4.2826001662,398.76531882,1517.195858,0.0,162706.28,37158.0,389.0,119.0,4.3757112551,418.26807198,1367.2796639,0.0,15221.02,3690.0,43,36.0,4.1558560333,353.9772093,422.80611111,1,-0.050244454,-0.014286344
Accutane,Isotretinoin,1,Overall,,,,,,,,,,,,,,,,,,,,,,,,,21588.69,6010.0,127.0,59.0,3.5614410069,169.98968504,365.91,0.0,52272.27,14470.0,309,121.0,3.6123914017,169.16592233,432.0022314,0,0.0143061179,0.0143061179
Accutane,Isotretinoin,1,"Jg Pharma, Inc.",,,,,,,,,,,,,,,,,,,,,,,,,21588.69,6010.0,127.0,59.0,3.5614410069,169.98968504,365.91,0.0,52272.27,14470.0,309,121.0,3.6123914017,169.16592233,432.0022314,0,0.0143061179,0.0143061179
Acebutolol HCl,Acebutolol HCl,3,Overall,2081450.61,6052585.0,63359.0,21865.0,0.3444827964,32.851696049,95.19554585,0.0,4386157.9,9371270.0,91112.0,21226.0,0.4684252599,48.140287778,206.64081315,0.0,5556127.04,9727562.0,90017.0,20614.0,0.5719215227,61.723086084,269.53172795,0.0,5108653.31,9595214.0,86113.0,20157.0,0.5337176595,59.324995181,253.44313688,0.0,5166792.77,9087748.0,80943,19222.0,0.5698355461,63.832484217,268.79579492,0,0.067672272,0.1340847218
Acebutolol HCl,Acebutolol HCl,1,Marlex Pharm.,913.47,2760.0,34.0,16.0,0.342430099,26.866764706,57.091875,1.0,2669.35,6658.0,93.0,60.0,0.4117860339,28.702688172,44.489166667,0.0,1765.9,2850.0,40.0,22.0,0.6156805556,44.1475,80.268181818,1.0,5732.34,9816.0,92.0,63.0,0.604937755,62.308043478,90.98952381,0.0,6163.19,8910.0,100,51.0,0.6920530957,61.6319,120.84686275,0,0.1440071147,0.1923173704
Acebutolol HCl,Acebutolol HCl,1,Ani Pharmaceuti,,,,,,,,,,,,,,,,,,,,,,,,,,,,,,,,,388628.46,654222.0,5277,4420.0,0.5957770202,73.645719159,87.92499095,0,,
Acebutolol HCl,Acebutolol HCl,1,Amneal Pharmace,2080537.14,6049825.0,63325.0,15697.0,0.3444838986,32.854909435,132.54361598,0.0,4383488.55,9364612.0,91019.0,20749.0,0.4684831318,48.160148431,211.26264157,0.0,5554361.14,9724712.0,89977.0,20393.0,0.5719020693,61.730899452,272.36606385,0.0,5102920.97,9585398.0,86021.0,20105.0,0.5336414892,59.321804792,253.81352748,0.0,4772001.12,8424616.0,75566,19050.0,0.5678622392,63.150108779,250.49874646,0,0.0641268542,0.1331007207
Acetamin-Caff-Dihydrocodeine,Acetaminophen/Caff/Dihydrocod,1,Overall,507947.64,203714.0,2277.0,1070.0,2.49343511,223.07757576,474.71742056,0.0,581219.08,221226.0,2783.0,1205.0,2.627263884,208.84623787,482.33948548,0.0,562256.15,203536.0,2547.0,957.0,2.7624407967,220.75231645,587.51948798,0.0,554132.58,196648.0,2524.0,797.0,2.817890749,219.5453962,695.27299875,0.0,327966.86,117696.0,1581,416.0,2.7865591014,207.4426692,788.381875,0,-0.01111883,0.0281762008
Acetamin-Caff-Dihydrocodeine,Acetaminophen/Caff/Dihydrocod,1,Xspire Pharma,507947.64,203714.0,2277.0,1070.0,2.49343511,223.07757576,474.71742056,0.0,581219.08,221226.0,2783.0,1205.0,2.627263884,208.84623787,482.33948548,0.0,562256.15,203536.0,2547.0,950.0,2.7624407967,220.75231645,591.84857895,0.0,554132.58,196648.0,2524.0,797.0,2.817890749,219.5453962,695.27299875,0.0,327966.86,117696.0,1581,416.0,2.7865591014,207.4426692,788.381875,0,-0.01111883,0.0281762008
Acetaminophen,Acetaminophen,3,Overall,,,,,,,,,,,,,,,,,,,,,,,,,35876.64,138701.0,120.0,82.0,0.2951489732,298.972,437.52,0.0,59927.65,230800.0,138,75.0,0.252939109,434.25833333,799.03533333,0,-0.143012065,-0.143012065
Acetaminophen,Acetaminophen,1,B.Braun,,,,,,,,,,,,,,,,,,,,,,,,,3561.32,27901.0,18.0,,0.1276413032,197.85111111,,1.0,1679.14,20100.0,21,14.0,0.0835393035,79.959047619,119.93857143,1,-0.345515116,-0.345515116
Acetaminophen,Acetaminophen,1,Leucadia/Hikma,,,,,,,,,,,,,,,,,,,,,,,,,10881.76,32000.0,79.0,59.0,0.340055,137.74379747,184.43661017,0.0,10468.59,34900.0,48,41.0,0.2999595989,218.095625,255.33146341,0,-0.117908577,-0.117908577
Acetaminophen,Acetaminophen,1,Sandoz,,,,,,,,,,,,,,,,,,,,,,,,,21433.56,78800.0,23.0,17.0,0.2719994924,931.89391304,1260.7976471,1.0,47779.92,175800.0,69,24.0,0.2717856655,692.4626087,1990.83,0,-0.00078613,-0.00078613
Acetaminophen-Codeine,Acetaminophen With Codeine,9,Overall,38181534.34,184505081.29,3347574.0,1535095.0,0.2096649152,11.405732731,24.872424404,0.0,35248234.01,162201020.96,3199855.0,1417793.0,0.2163419419,11.015572271,24.861340132,0.0,38098067.57,152159022.93,2973452.0,1260147.0,0.2467207092,12.812740064,30.233034376,0.0,40726751.97,138927281.92,2763688.0,1210143.0,0.2859260225,14.736378336,33.654495353,0.0,38694675.29,129405129.82,2604234,1146260.0,0.2907897007,14.858371133,33.757328433,0,0.0170102676,0.085208819
Acetaminophen-Codeine,Acetaminophen With Codeine,1,Aurobindo Pharm,7076700.58,31965612.0,570830.0,296106.0,0.2149099339,12.397212095,23.899213728,0.0,8184569.66,33710175.0,657547.0,308411.0,0.2296513281,12.447124936,26.537865575,0.0,9482246.84,32047733.0,625824.0,281716.0,0.2789545809,15.151619049,33.658886396,0.0,10973409.63,30757419.25,619101.0,290988.0,0.3292062087,17.724748676,37.710866531,0.0,4427047.76,12611558.25,280493,166817.0,0.325945384,15.783095336,26.538348969,0,-0.009905113,0.1097421614
Acetaminophen-Codeine,Acetaminophen With Codeine,1,Eywa Pharma Inc,,,,,,,,,19972.21,101487.0,1664.0,1315.0,0.1895452301,12.002530048,15.187992395,0.0,1246576.17,6488988.0,117585.0,53545.0,0.1840193618,10.601489731,23.280907087,0.0,1968597.94,10189757.285,204560.0,93658.0,0.1835130697,9.6235722526,21.019004677,0.0,3949328.55,20948910.5,440121,224877.0,0.1781477213,8.9732790528,17.562171987,0,-0.029236874,-0.020459334
Acetaminophen-Codeine,Acetaminophen With Codeine,1,Pharm Assoc Inc,55356.05,2085259.577,6807.0,4595.0,0.0265666827,8.132224181,12.047018498,0.0,45324.73,1780632.244,5933.0,4039.0,0.0253424479,7.6394286196,11.22177024,0.0,46508.96,1703867.592,5165.0,3374.0,0.0272252205,9.0046389158,13.784516894,0.0,52140.65,1787749.88,5700.0,3495.0,0.0288894924,9.1474824561,14.918640916,0.0,48525.72,1703550.5,5946,3851.0,0.0283681224,8.1610696266,12.600810179,0,-0.018047044,0.0165372927
Acetaminophen-Codeine,Acetaminophen With Codeine,1,Qualitest/Par P,1270749.02,5618034.0,100054.0,58862.0,0.2190650301,12.700631859,21.588614386,0.0,1908193.35,7623196.0,136897.0,66069.0,0.2367937984,13.938898223,28.881825818,0.0,1289595.54,4902448.0,106659.0,57100.0,0.2516249545,12.090827216,22.584860595,0.0,140276.42,448536.0,10070.0,6447.0,0.2958990795,13.930131082,21.758402358,0.0,7118.71,22593.0,544,434.0,0.3045209853,13.085863971,16.402557604,0,0.0291379948,0.0858280154
Acetaminophen-Codeine,Acetaminophen With Codeine,1,Teva USA,7238730.21,35395817.97,637845.0,328208.0,0.1984877672,11.348729252,22.055313125,0.0,4115440.23,19021116.0,358181.0,160564.0,0.207619988,11.489833995,25.631151628,0.0,1892066.79,7661236.5,140656.0,67222.0,0.232878919,13.451731814,28.146541162,0.0,504772.27,1919517.0,36945.0,19007.0,0.2471191139,13.662803356,26.557177356,0.0,90684.85,371899.0,8478,5345.0,0.2348886785,10.696490918,16.966295603,0,-0.049492066,0.0429946592
Acetaminophen-Codeine,Acetaminophen With Codeine,1,Amneal Pharmace,6794065.87,32731571.5,712431.0,407908.0,0.2075691926,9.536454576,16.655877968,0.0,3590713.73,17035577.0,413784.0,241196.0,0.2107773473,8.6777490913,14.887119728,0.0,1297315.46,4978281.0,114629.0,60660.0,0.2605950648,11.317515288,21.386670953,0.0,1214817.01,3993647.0,95455.0,51220.0,0.3041873781,12.726593788,23.717630027,0.0,1937402.04,6308378.0,154936,95509.0,0.3071157182,12.504531161,20.285020679,0,0.0096267639,0.1028965724
Acetaminophen-Codeine,Acetaminophen With Codeine,1,Mallinckrodt Ph,15574389.35,70159499.0,1298824.0,654237.0,0.2171595611,11.991146876,23.805424258,0.0,17256601.8,77841425.403,1609370.0,776859.0,0.2152249247,10.722582004,22.213299711,0.0,22732317.68,89972869.999,1850142.0,828026.0,0.2418514512,12.286796192,27.453627881,0.0,25772030.28,85874052.5,1780806.0,807498.0,0.2848486152,14.472115593,31.915906021,0.0,28141007.11,83805193.069,1702914,765577.0,0.31548996,16.525207444,36.757905619,0,0.1075706292,0.097871843
Acetaminophen-Codeine,Acetaminophen With Codeine,1,Ranbaxy Pharmac,1428.87,4526.0,60.0,28.0,0.313253751,23.8145,51.031071429,0.0,245.99,886.0,15.0,,0.2776410835,16.399333333,,1.0,843.18,2715.0,37.0,14.0,0.3105635359,22.788648649,60.227142857,0.0,898.84,2409.0,27.0,13.0,0.3731174761,33.29037037,69.141538462,1.0,1932.25,4254.0,43,14.0,0.4542195581,44.936046512,138.01785714,0,0.2173633966,0.0973429747
Acetaminophen-Codeine,Acetaminophen With Codeine,1,Hi-Tech/Akorn C,170114.39,6544761.246,20723.0,13586.0,0.0259907831,8.2089654008,12.521300604,0.0,127172.31,5086526.314,16464.0,10576.0,0.0250031383,7.7242656706,12.024613275,0.0,110596.95,4400883.834,12755.0,7376.0,0.0251294674,8.670870247,14.994163503,0.0,99808.93,3954194.0,11024.0,6442.0,0.0252537928,9.0537853774,15.493469419,0.0,91628.3,3628793.5,10759,6534.0,0.0252503917,8.516432754,14.023308846,0,-0.000134678,-0.00719904
Acetazolamide,Acetazolamide,13,Overall,25178838.74,14881544.09,233605.0,86441.0,1.6793456868,107.78381773,291.28351986,0.0,24060032.03,15097685.25,230972.0,88880.0,1.5806547751,104.16860931,270.70243058,0.0,22200009.38,14763958.0,200885.0,66492.0,1.5005054008,110.51103557,333.87489292,0.0,16599672.83,15103603.33,208405.0,76184.0,1.0946915047,79.65102963,217.88922648,0.0,15734887.6,15690541.241,215885,86171.0,1.0030913999,72.885506635,182.6007311,0,-0.083676638,-0.120876072
Acetazolamide,Acetazolamide,1,Avet Pharmaceut,5917901.72,3470475.5,50658.0,21365.0,1.6798470658,116.82067433,276.99048537,0.0,4646102.85,2816894.25,43272.0,19216.0,1.6239726621,107.36972754,241.78303757,0.0,4973387.97,3145643.0,45067.0,15287.0,1.577478024,110.3554257,325.33446523,0.0,2925325.7,3372224.33,47435.0,18737.0,0.8639220284,61.670195004,156.12561776,0.0,3085533.99,3260671.241,45221,19791.0,0.9409380909,68.232325468,155.90591633,0,0.0891470062,-0.134887024
Acetazolamide,Acetazolamide,1,Lannett Co. Inc,6754653.43,3845924.357,60028.0,25833.0,1.7563146861,112.52504548,261.47382921,0.0,5107084.73,2949002.0,43016.0,17980.0,1.7318010398,118.72523549,284.04253226,0.0,4411455.68,3034477.0,41121.0,15490.0,1.4537779261,107.27987354,284.79378179,0.0,1351156.49,1137609.0,17489.0,9353.0,1.1877160694,77.257504145,144.46236395,0.0,179467.72,160798.0,2626,1302.0,1.116106668,68.342619954,137.84003072,0,-0.060291684,-0.10715547
Acetazolamide,Acetazolamide,1,Breckenridge,,,,,,,,,,,,,,,,,11364.73,8626.0,99.0,95.0,1.3138690025,114.79525253,119.62873684,0.0,372212.71,268209.75,4418.0,2219.0,1.3820546556,84.249142146,167.73894096,0.0,63543.31,47420.0,859,578.0,1.3330188096,73.973585565,109.93652249,0,-0.035480396,0.0072612008
Acetazolamide,Acetazolamide,1,Strides Pharma,1824542.64,1150653.5,17045.0,7608.0,1.5846774129,107.04268935,239.81895899,0.0,4609348.39,3078088.5,45957.0,19593.0,1.4928014505,100.29698174,235.25485582,0.0,4521544.65,3102218.5,44560.0,17838.0,1.4550542987,101.47093021,253.47822906,0.0,4820758.76,4487466.5,63163.0,27023.0,1.0730631381,76.322510964,178.39465492,0.0,5629783.31,5892683.5,80039,35541.0,0.9535228687,70.338001599,158.40250162,0,-0.111400965,-0.119260323
Acetazolamide,Acetazolamide,1,Lifestar Pharma,,,,,,,,,,,,,,,,,,,,,,,,,1753686.99,1439697.0,19758.0,9015.0,1.2161840289,88.758325235,194.52989351,0.0,1604797.47,1574467.5,26160,10622.0,1.0161898828,61.345469037,151.08242045,0,-0.164443983,-0.164443983
Acetazolamide,Acetazolamide,1,AHP,6569.86,3277.0,76.0,30.0,2.0048397925,86.445526316,218.99533333,0.0,8149.46,3515.0,73.0,27.0,2.3184807966,111.63643836,301.83185185,0.0,5762.57,4302.0,70.0,26.0,1.3395095305,82.322428571,221.63730769,0.0,6345.1,3435.0,30.0,21.0,1.8471906841,211.50333333,302.14761905,0.0,2316.58,1614.0,14,,1.4353035936,165.47,,1,-0.222980277,-0.080152093
Acetazolamide,Acetazolamide,1,Novitium/Ani Ph,,,,,,,,,,,,,,,,,295326.62,248575.0,2399.0,1473.0,1.1877933245,123.10405169,200.4932926,0.0,853683.62,814148.0,8930.0,3837.0,1.0463955814,95.597269877,222.48726088,0.0,766621.87,810855.0,9438,4413.0,0.9408714209,81.227152999,173.71898255,0,-0.10084538,-0.109990385
Acetazolamide,Acetazolamide,1,Eywa Pharma Inc,,,,,,,,,,,,,,,,,387983.35,208885.0,2089.0,1051.0,1.8552623256,185.72683102,369.15637488,0.0,519906.75,371133.0,5029.0,2040.0,1.4221919763,103.38173593,254.85625,0.0,1653421.0,1347372.0,18199,8896.0,1.2153924808,90.852299577,185.86117356,0,-0.145408988,-0.190614146
Acetazolamide,Acetazolamide,1,Advagen Pharma,,,,,,,,,,,,,,,,,,,,,,,,,,,,,,,,,159243.95,338352.0,2631,1431.0,0.4913604461,60.526016724,111.2815863,0,,
Acetazolamide,Acetazolamide,1,Taro Pharm USA,10673310.8,6410401.733,105782.0,42709.0,1.6503559041,100.89912083,249.90776651,0.0,9680020.96,6245983.5,98574.0,42168.0,1.5356040406,98.200549435,229.5584557,0.0,7573661.59,5000817.5,65334.0,26958.0,1.5076339857,115.9222088,280.94300727,0.0,3986926.05,3202570.75,42028.0,20895.0,1.2311767666,94.863568335,190.80765973,0.0,2418744.05,2073372.0,27840,15461.0,1.1505403872,86.88017421,156.44163055,0,-0.065495371,-0.086242269
Acetazolamide,Acetazolamide,1,Marlex Pharm.,1860.29,812.0,16.0,11.0,2.2909975369,116.268125,169.11727273,1.0,768.52,412.0,15.0,,1.8653398058,51.234666667,,1.0,1444.38,979.0,22.0,12.0,1.4753626149,65.653636364,120.365,1.0,2305.64,1877.0,31.0,,1.2283644113,74.375483871,,0.0,794.13,610.0,17,12.0,1.301852459,46.713529412,66.1775,1,0.0598259336,-0.131771003
Acetazolamide,Acetazolamide,1,Major Pharmaceu,,,,,,,,,8557.12,3790.0,65.0,48.0,2.2578153034,131.648,178.27333333,0.0,18077.84,9435.0,124.0,81.0,1.9160402756,145.78903226,223.18320988,0.0,6599.01,4172.0,83.0,57.0,1.5817377756,79.506144578,115.77210526,0.0,6744.14,4786.0,90,49.0,1.4091391559,74.934888889,137.6355102,0,-0.109119617,-0.145415214
Acetazolamide,Acetazolamide,1,"Trupharma, LLC.",,,,,,,,,,,,,,,,,,,,,,,,,766.01,1061.0,11.0,11.0,0.7922170423,69.637272727,69.637272727,1.0,163876.08,177540.0,2751,1562.0,0.9203881364,59.569640131,104.91426376,0,0.1617878527,0.1617878527
Acetazolamide ER,Acetazolamide,7,Overall,9373543.55,4699925.232,82398.0,34240.0,1.9944885572,113.75935763,273.76003359,0.0,8965308.25,5012496.0,83564.0,34378.0,1.7910105324,107.28672933,260.78620775,0.0,8532895.66,5266670.286,78686.0,28814.0,1.6191603119,108.44236154,296.13714375,0.0,7358500.8,5449502.0,81962.0,32774.0,1.357154745,89.779419731,224.52251175,0.0,7706860.68,5577598.0,79286,32336.0,1.3842675541,97.203297934,238.33685923,0,0.0199776843,-0.087259918
Acetazolamide ER,Acetazolamide,1,Nostrum Laborat,438464.49,253159.0,4262.0,2038.0,1.7319727523,102.87763726,215.14449951,0.0,1158141.13,692312.0,11176.0,5372.0,1.6728601122,103.627517,215.58844564,0.0,1804322.51,1133871.0,17553.0,6806.0,1.5912943448,102.79282801,265.10762709,0.0,1894527.56,1244124.0,19707.0,8601.0,1.5227803338,96.134752119,220.26828973,0.0,2044573.48,1346809.0,21171,9191.0,1.5180871824,96.574251571,222.45386574,0,-0.003081962,-0.032415474
Acetazolamide ER,Acetazolamide,1,Accord Healthca,,,,,,,,,,,,,,,,,,,,,,,,,,,,,,,,,1000732.32,659798.0,7865,4388.0,1.5167253008,127.23869294,228.06114859,0,,
Acetazolamide ER,Acetazolamide,1,Ingenus Pharmac,1874188.51,948289.0,15245.0,6243.0,1.9763895922,122.93791473,300.20639276,0.0,2851043.5,1582804.0,25874.0,10210.0,1.8012612427,110.18951457,279.24030362,0.0,3907170.19,2471865.286,37129.0,13023.0,1.5806566046,105.23230332,300.02074714,0.0,2420341.74,1819271.0,28639.0,12319.0,1.3303909863,84.512089808,196.47225749,0.0,577071.75,422110.0,7616,4108.0,1.3671122456,75.770975578,140.47510954,0,0.0276018552,-0.088025062
Acetazolamide ER,Acetazolamide,1,Alembic Pharmac,,,,,,,,,,,,,,,,,1469.05,697.0,15.0,,2.1076757532,97.936666667,,1.0,2024.98,713.0,18.0,,2.8400841515,112.49888889,,1.0,1745.72,866.0,17,,2.0158429561,102.68941176,,1,-0.290217174,-0.022027939
Acetazolamide ER,Acetazolamide,1,Avet Pharmaceut,3587559.57,1818343.0,33761.0,15291.0,1.9729828586,106.26342733,234.61902884,0.0,4180410.02,2335985.0,38665.0,18826.0,1.7895705752,108.11871253,222.05513758,0.0,2407328.07,1436281.0,20706.0,10429.0,1.6760843247,116.2623428,230.83019177,0.0,1278327.35,1204731.0,16403.0,8538.0,1.0610894465,77.932533683,149.72210705,0.0,437999.12,601942.0,8096,4998.0,0.7276433942,54.100681818,87.634877951,0,-0.314248769,-0.220710509
Acetazolamide ER,Acetazolamide,1,Zydus Pharmaceu,3473330.98,1680134.232,29130.0,14029.0,2.0672937399,119.23552969,247.58222111,0.0,775713.6,401395.0,7849.0,4827.0,1.9325442519,98.829608867,160.70304537,0.0,412605.84,223956.0,3283.0,1820.0,1.8423522478,125.67951264,226.70650549,0.0,1636985.71,1090385.0,15766.0,7671.0,1.5012914796,103.83012242,213.39925825,0.0,2320436.76,1539013.0,20504,9980.0,1.5077434434,113.16995513,232.50869339,0,0.004297609,-0.075873733
Acetazolamide ER,Acetazolamide,1,"Micro Labs USA,",,,,,,,,,,,,,,,,,,,,,,,,,126293.46,90278.0,1429.0,709.0,1.398939498,88.378908328,178.12899859,0.0,1324301.53,1007060.0,14017,5272.0,1.3150175064,94.478242848,251.19528263,0,-0.059989722,-0.059989722
Acetic Acid*,Acetic Acid,7,Overall,1505691.5,48935842.168,71448.0,39139.0,0.9212140621,21.073948886,38.470362043,0.0,1384295.19,49607287.468,67471.0,35588.0,0.8282308115,20.516891553,38.897807969,0.0,1265933.7,39158450.001,59519.0,34058.0,0.9657475889,21.269404728,37.169936579,0.0,1249347.72,33090613.286,58550.0,36607.0,1.0758842697,21.338133561,34.128656268,0.0,1314179.9,40052522.99,63159,38728.0,1.0020101156,20.807484286,33.93358552,0,-0.068663662,0.0212401642
Acetic Acid*,Acetic Acid,1,Rising Pharm,,,,,,,,,58233.73,35861.0,2279.0,2099.0,1.6238735674,25.552316806,27.743558838,0.0,5456.87,3026.0,180.0,156.0,1.8033278255,30.315944444,34.979935897,0.0,948.45,510.0,32.0,28.0,1.8597058824,29.6390625,33.873214286,0.0,49787.83,27391.0,1751,1437.0,1.8176711329,28.433940605,34.647063326,0,-0.022602902,0.0382956451
Acetic Acid*,Acetic Acid,1,B.Braun,43188.85,8378572.5,4572.0,1237.0,0.0051546788,9.44638014,34.914187551,0.0,53852.22,9429484.0,5259.0,1587.0,0.0057110463,10.240011409,33.933345936,0.0,87018.7,12791450.0,7492.0,2235.0,0.00680288,11.614882541,38.934541387,0.0,81833.99,11389170.286,6647.0,2111.0,0.007185246,12.311417181,38.765509237,0.0,138110.21,17724946.0,10553,3276.0,0.007791855,13.087293661,42.158183761,0,0.0844242595,0.1088168427
Acetic Acid*,Acetic Acid,1,Hospira/Icu Med,284434.66,20083564.668,14841.0,3632.0,0.0141625585,19.165464591,78.313507709,0.0,329339.0,22367798.001,17033.0,3962.0,0.0147238007,19.335349028,83.124432105,0.0,167819.41,11152145.0,8667.0,2578.0,0.0150481732,19.363033345,65.096745539,0.0,31515.98,2590390.0,1648.0,660.0,0.0121665,19.123774272,47.751484848,0.0,665.1,197000.0,19,,0.0033761421,35.005263158,,1,-0.722505065,-0.30125333
Acetic Acid*,Acetic Acid,1,Hi-Tech/Akorn C,480431.98,294078.0,18560.0,15016.0,1.6336889533,25.88534375,31.994671018,0.0,549939.65,340907.6,21758.0,18118.0,1.6131633616,25.275284953,30.353220554,0.0,556408.95,336360.0,21568.0,17638.0,1.6542066536,25.797892711,31.546034131,0.0,485125.39,302833.0,19375.0,15759.0,1.6019568211,25.038729806,30.784021194,0.0,459616.45,293688.5,18468,15091.0,1.5649793914,24.887180528,30.456328275,0,-0.023082663,-0.010684502
Acetic Acid*,Acetic Acid,1,"Trupharma, LLC.",,,,,,,,,,,,,,,,,79658.7,44720.0,2817.0,2552.0,1.7812768336,28.277848775,31.214224138,0.0,199424.8,115880.0,7327.0,6242.0,1.7209596134,27.217797188,31.948862544,0.0,259477.78,165105.0,10383,9069.0,1.5715925017,24.990636618,28.611509538,0,-0.086792921,-0.060700126
Acetic Acid*,Acetic Acid,1,Baxter Healthca,144508.04,19840913.0,11934.0,3293.0,0.0072833362,12.108935814,43.883401154,0.0,131401.76,17274508.667,10996.0,3112.0,0.0076066858,11.949959985,42.224215938,0.0,113042.7,14678600.001,9182.0,2911.0,0.0077011908,12.311337399,38.832944005,0.0,150412.73,18509783.0,11921.0,3505.0,0.0081261207,12.617459106,42.913760342,0.0,177529.77,21502443.99,12876,4093.0,0.0082562601,13.787649115,43.373997068,0,0.0160149512,0.03184212
Acetic Acid*,Acetic Acid,1,Morton Grove Ph,553127.97,338714.0,21541.0,17690.0,1.6330236424,25.677915139,31.267833239,0.0,261528.83,158728.2,10146.0,8916.0,1.647651961,25.776545437,29.332529161,0.0,256528.37,152149.0,9613.0,7829.0,1.6860338878,26.685568501,32.766428663,0.0,300086.38,182047.0,11600.0,9357.0,1.6484005779,25.869515517,32.070789783,0.0,228992.76,141948.5,9109,7641.0,1.6132101431,25.139176638,29.968951708,0,-0.02134823,-0.003047153
Acetylcysteine*,Acetylcysteine,7,Overall,2092216.58,1994987.0,24093.0,6766.0,1.0317886439,86.839188976,309.22503399,0.0,1981662.68,2369608.0,28050.0,7361.0,0.8300629529,70.647510873,269.21106915,0.0,1746725.77,1956389.28,20886.0,5149.0,0.8780214287,83.631416738,339.23592348,0.0,1595936.67,1611947.639,16659.0,4039.0,0.9431729167,95.800268323,395.13163407,0.0,1823301.43,1650286.236,17333,4323.0,1.0625001398,105.19249005,421.76762202,0,0.126516804,0.0073596777
Acetylcysteine*,Acetylcysteine,1,Perrigo/Padagis,402533.84,81016.5,728.0,286.0,4.9685414699,552.9310989,1407.460979,0.0,153754.04,33642.0,366.0,132.0,4.57030022,420.09300546,1164.8033333,0.0,165831.72,38921.0,234.0,76.0,4.2607260862,708.6825641,2181.9963158,0.0,157259.07,33407.111,193.0,61.0,4.707353174,814.8138342,2578.017541,0.0,122840.92,30006.0,241,82.0,4.0938785576,509.713361,1498.06,0,-0.130322624,-0.047255371
Acetylcysteine*,Acetylcysteine,1,Fresenius Kabi*,51600.21,9675.0,127.0,56.0,5.3333550388,406.30086614,921.43232143,0.0,31442.39,7468.0,67.0,32.0,4.3754904696,469.28940299,982.5746875,1.0,26718.76,41616.0,411.0,151.0,0.6373475914,65.009148418,176.94543046,0.0,12101.01,27475.0,330.0,122.0,0.4357394062,36.669727273,99.188606557,0.0,38451.73,57108.0,651,271.0,0.6776970782,59.065637481,141.88830258,0,0.555280676,-0.402952644
Acetylcysteine*,Acetylcysteine,1,Hospira/Pfizer,356230.36,975593.0,11378.0,3395.0,0.3651967146,31.308697486,104.92794109,0.0,452412.58,1240980.0,14755.0,4098.0,0.3646636634,30.661645544,110.39838458,0.0,322745.03,858801.78,9196.0,2578.0,0.3758378361,35.096240757,125.19202095,0.0,146652.01,378317.554,4080.0,1393.0,0.3876408384,35.944120098,105.27782484,0.0,38271.95,94989.0,1061,416.0,0.4042005386,36.071583412,91.999879808,0,0.0427191839,0.0256932713
Acetylcysteine*,Acetylcysteine,1,Sagent Pharmace,,,,,,,,,9337.96,2310.0,22.0,11.0,4.0424069264,424.45272727,848.90545455,1.0,11082.2,2820.0,37.0,,3.929858156,299.51891892,,0.0,7641.06,2055.0,66.0,14.0,3.7182773723,115.77363636,545.79,1.0,9130.88,2678.0,123,13.0,3.4095892457,74.234796748,702.37538462,1,-0.083019123,-0.055169268
Acetylcysteine*,Acetylcysteine,1,Auromedics-Eugi,48903.26,7557.0,99.0,36.0,6.4712531428,493.97232323,1358.4238889,0.0,24495.12,4602.0,91.0,26.0,5.3227118644,269.17714286,942.12,0.0,20379.86,4494.0,66.0,25.0,4.5349043169,308.78575758,815.1944,0.0,44968.55,8976.0,61.0,22.0,5.0098651961,737.18934426,2044.025,0.0,135166.06,22168.0,121,53.0,6.0973502346,1117.074876,2550.3030189,0,0.2170687226,-0.014768728
Acetylcysteine*,Acetylcysteine,1,Amer. Regent,730470.03,413993.5,4966.0,1664.0,1.819154446,147.09424688,438.98439303,0.0,671811.82,399407.25,4092.0,1239.0,1.7577925128,164.17688661,542.22100081,0.0,621902.12,386305.0,3746.0,1035.0,1.7311378059,166.01765083,600.87161353,0.0,691934.95,476156.0,4451.0,1207.0,1.5012518555,155.45606605,573.26839271,0.0,751316.45,505870.46,4833,1524.0,1.5320052191,155.45550383,492.98979659,0,0.0204851462,-0.042039354
Acetylcysteine*,Acetylcysteine,1,App/Fresenius K,502478.88,507152.0,6795.0,2726.0,0.9911208621,73.948326711,184.32827586,0.0,638408.77,681198.75,8657.0,2849.0,0.9438118331,73.744804205,224.08170235,0.0,578066.08,623431.5,7196.0,2326.0,0.9301890491,80.331584213,248.52368014,0.0,535380.02,685560.974,7478.0,2213.0,0.7816728725,71.594011768,241.92499774,0.0,728123.44,937466.776,10303,3045.0,0.7763090887,70.671012327,239.12099836,0,-0.006861929,-0.059243964
Aciphex,Rabeprazole Sodium,2,Overall,22178234.16,1299928.0,18579.0,3781.0,17.061125047,1193.7259357,5865.7059402,0.0,19678260.33,1153216.0,15888.0,3324.0,17.063811402,1238.561199,5920.0542509,0.0,18095334.51,1065105.0,13926.0,2940.0,16.989249426,1299.392109,6154.8756837,0.0,16176125.3,906690.0,11451.0,2504.0,17.840855529,1412.6386604,6460.1139377,0.0,15875562.32,781493.0,9439,2140.0,20.268804329,1681.9114652,7418.4870654,0,0.1360892585,0.0440110997
Aciphex,Rabeprazole Sodium,1,Woodward Pharma,,,,,,,,,,,,,,,,,,,,,,,,,,,,,,,,,4515854.03,205803.0,2291,1423.0,21.942605453,1971.1279048,3173.474371,0,,
Aciphex,Rabeprazole Sodium,1,Eisai/ Woodward,22178234.16,1299928.0,18579.0,3781.0,17.061125047,1193.7259357,5865.7059402,0.0,19678260.33,1153216.0,15888.0,3324.0,17.063811402,1238.561199,5920.0542509,0.0,18095334.51,1065105.0,13926.0,2940.0,16.989249426,1299.392109,6154.8756837,0.0,16176125.3,906690.0,11451.0,2504.0,17.840855529,1412.6386604,6460.1139377,0.0,11359708.29,575690.0,7148,2072.0,19.732335615,1589.2149259,5482.4846959,0,0.1060195842,0.0370333112
Acitretin,Acitretin,6,Overall,24971062.75,1497337.0,40682.0,8659.0,16.795091996,613.81108967,2883.8275494,0.0,23606030.79,1600707.43,45280.0,9054.0,14.800991692,521.33460225,2607.2488171,0.0,23573809.61,1678163.519,43893.0,9153.0,14.095131632,537.07446768,2575.5281995,0.0,21444442.22,1678450.341,41816.0,9238.0,12.828722793,512.82863545,2321.3295324,0.0,20934136.88,1658303.0,40529,9068.0,12.70699212,516.52241309,2308.5726599,0,-0.009488916,-0.067357734
Acitretin,Acitretin,1,Teva USA,4598592.73,261833.0,7276.0,2038.0,17.606289831,632.02209043,2256.4243032,0.0,4265304.76,255481.0,7117.0,1960.0,16.764183364,599.31217648,2176.175898,0.0,1508230.98,92870.0,2389.0,1093.0,16.243600352,631.32313939,1379.9002562,0.0,166954.24,11548.0,315.0,115.0,14.380715824,530.01346032,1451.776,0.0,180620.97,13440.0,321,158.0,13.469997988,562.68214953,1143.1706962,0,-0.063329103,-0.064756021
Acitretin,Acitretin,1,Avkare,583832.34,35220.0,1034.0,368.0,16.581746832,564.63475822,1586.5009239,0.0,657387.56,46026.0,1374.0,495.0,14.313692622,478.44800582,1328.0556768,0.0,567093.51,42786.0,1268.0,423.0,13.255865126,447.23462934,1340.6465957,0.0,376440.77,31007.0,904.0,306.0,12.131965424,416.41678097,1230.1985948,0.0,253697.97,19990.0,567,164.0,12.889137363,447.43910053,1546.9388415,0,0.0624113169,-0.061037186
Acitretin,Acitretin,1,Prasco Labs,2885523.35,166575.0,4929.0,1511.0,17.329873852,585.41759992,1909.6779285,0.0,676158.76,43780.0,1298.0,668.0,15.503362471,520.92354391,1012.2137126,0.0,576828.64,39192.0,1029.0,469.0,14.737238567,560.57205053,1229.9118124,0.0,153888.69,10856.0,302.0,159.0,14.175270153,509.56519868,967.85339623,0.0,6262.17,344.0,12,,18.203982558,521.8475,,1,0.2842070988,0.0123781245
Acitretin,Acitretin,1,Amneal Pharmace,3763655.63,224645.0,6515.0,2100.0,16.862903766,577.69081044,1792.2169667,0.0,5283061.92,358814.0,10155.0,2750.0,14.762911636,520.24243427,1921.1134255,0.0,5394313.03,391357.0,10422.0,3033.0,13.857642458,517.58904529,1778.5403989,0.0,4432839.4,337864.0,8938.0,2378.0,13.148304918,495.95428507,1864.104037,0.0,4406721.77,324610.0,8278,2177.0,13.58553238,532.34135902,2024.2176252,0,0.0332535231,-0.052594122
Acitretin,Acitretin,1,Sigmapharm Labo,6332716.47,411298.0,10143.0,2721.0,15.568519483,624.34353446,2327.3489416,0.0,6034527.99,429709.43,12606.0,2812.0,14.1332376,478.70283912,2145.9914616,0.0,8898288.13,640586.519,16758.0,4242.0,13.947099827,530.98747643,2097.663397,0.0,10352651.29,823686.341,20144.0,4792.0,12.63418355,513.93225228,2160.4030238,0.0,9918667.86,842193.0,20303,5023.0,11.871407397,488.53213121,1974.6501812,0,-0.060373996,-0.065533528
Acitretin,Acitretin,1,Mylan,6806742.23,397766.0,10785.0,2670.0,17.136465664,631.1304803,2549.3416592,0.0,6689589.8,466897.0,12730.0,3074.0,14.376030778,525.49802042,2176.1840599,0.0,6629055.32,471372.0,12027.0,2925.0,14.113972513,551.18111915,2266.3436991,0.0,5961667.83,463489.0,11213.0,2889.0,12.899774879,531.67464818,2063.5748806,0.0,6168166.14,457726.0,11048,2844.0,13.546796177,558.30613143,2168.834789,0,0.0501575651,-0.057071342
Actemra Actpen,Tocilizumab,1,Overall,,,,,,,,,17195137.67,14862.3,4465.0,1177.0,1156.9634357,3851.0946629,14609.292838,0.0,56276920.52,47067.5,14203.0,2740.0,1195.6641105,3962.3263057,20539.022088,0.0,93002648.89,74932.9,24049.0,4442.0,1241.1457302,3867.2148069,20937.111412,0.0,126483516.64,101561.3,32706,5485.0,1245.3908786,3867.2878567,23059.893644,0,0.0034203464,0.0248540356
Actemra Actpen,Tocilizumab,1,"Genentech, Inc.",,,,,,,,,17195137.67,14862.3,4465.0,1177.0,1156.9634357,3851.0946629,14609.292838,0.0,56276920.52,47067.5,14203.0,2740.0,1195.6641105,3962.3263057,20539.022088,0.0,93002648.89,74932.9,24049.0,4442.0,1241.1457302,3867.2148069,20937.111412,0.0,126483516.64,101561.3,32706,5485.0,1245.3908786,3867.2878567,23059.893644,0,0.0034203464,0.0248540356
Actemra*,Tocilizumab,1,Overall,130523440.19,185715.59,36098.0,5786.0,1015.8246933,3615.8080833,22558.492947,0.0,132676233.62,198566.9,35738.0,5446.0,1017.941604,3712.4694616,24362.143522,0.0,127856836.18,191010.1,32917.0,4668.0,1050.2799825,3884.2189805,27390.067734,0.0,123904981.19,186777.1,32334.0,5123.0,1095.3506436,3832.0338093,24186.020142,0.0,127758478.59,212640.35,33653,4885.0,1069.3405726,3796.3473863,26153.219773,0,-0.023745886,0.0129180723
Actemra*,Tocilizumab,1,"Genentech, Inc.*",130523440.19,185715.59,36098.0,5786.0,1015.8246933,3615.8080833,22558.492947,0.0,132676233.62,198566.9,35738.0,5446.0,1017.941604,3712.4694616,24362.143522,0.0,127856836.18,191010.1,32917.0,4668.0,1050.2799825,3884.2189805,27390.067734,0.0,123904981.19,186777.1,32334.0,5123.0,1095.3506436,3832.0338093,24186.020142,0.0,127758478.59,212640.35,33653,4885.0,1069.3405726,3796.3473863,26153.219773,0,-0.023745886,0.0129180723
Acthar,Corticotropin,1,Overall,724638118.93,90830.0,11907.0,2475.0,7977.9601335,60858.160656,292783.07836,0.0,668892380.25,82995.0,10968.0,2102.0,8059.4298482,60985.811474,318217.11715,0.0,621884161.43,74430.0,9857.0,1668.0,8355.2890156,63090.611893,372832.23107,0.0,431097613.87,50945.0,6667.0,1158.0,8462.0200976,64661.40901,372277.73218,0.0,400387038.54,45155.0,5913,1007.0,8866.9480354,67713.011761,397603.81186,0,0.0478523961,0.0267638633
Acthar,Corticotropin,1,Mallinckrodt Ph,724638118.93,90830.0,11907.0,2475.0,7977.9601335,60858.160656,292783.07836,0.0,668892380.25,82995.0,10968.0,2102.0,8059.4298482,60985.811474,318217.11715,0.0,621884161.43,74430.0,9857.0,1668.0,8355.2890156,63090.611893,372832.23107,0.0,431097613.87,50945.0,6667.0,1158.0,8462.0200976,64661.40901,372277.73218,0.0,400387038.54,45155.0,5913,1007.0,8866.9480354,67713.011761,397603.81186,0,0.0478523961,0.0267638633
Acthib,Haemoph B Poly Conj-Tet Tox/PF,1,Overall,27574.35,815.9,786.0,704.0,33.796237284,35.081870229,39.168110795,1.0,44034.23,1129.0,1132.0,949.0,39.002860939,38.899496466,46.400663857,1.0,44405.72,1147.6,1151.0,953.0,38.694423144,38.580121633,46.595718783,1.0,49583.46,1413.0,1418.0,1124.0,35.090912951,34.967179126,44.113398577,0.0,60611.51,1734.5,1734,1378.0,34.944658403,34.954734717,43.985130624,0,-0.004167875,0.0083890294
Acthib,Haemoph B Poly Conj-Tet Tox/PF,1,Sanofi-Pasteur,27574.35,815.9,786.0,704.0,33.796237284,35.081870229,39.168110795,1.0,44034.23,1129.0,1132.0,949.0,39.002860939,38.899496466,46.400663857,1.0,44405.72,1147.6,1151.0,953.0,38.694423144,38.580121633,46.595718783,1.0,49583.46,1413.0,1418.0,1124.0,35.090912951,34.967179126,44.113398577,0.0,60611.51,1734.5,1734,1378.0,34.944658403,34.954734717,43.985130624,0,-0.004167875,0.0083890294
Actimmune,"Interferon Gamma-1b,Recomb.",1,Overall,18992801.81,2118.0,337.0,53.0,8967.3285222,56358.462344,358354.75113,0.0,20879139.7,2226.5,381.0,47.0,9377.56106,54800.891601,444237.01489,0.0,23353184.89,2547.0,417.0,51.0,9168.8986612,56002.841463,457905.58608,0.0,25309639.28,2444.0,423.0,50.0,10355.826219,59833.6626,506192.7856,0.0,27310873.39,2613.5,454,48.0,10449.922858,60156.108789,568976.52896,0,0.0090863478,0.0389927114
Actimmune,"Interferon Gamma-1b,Recomb.",1,Horizon Therape,18992801.81,2118.0,337.0,51.0,8967.3285222,56358.462344,372407.87863,0.0,20879139.7,2226.5,381.0,47.0,9377.56106,54800.891601,444237.01489,0.0,23353184.89,2547.0,417.0,51.0,9168.8986612,56002.841463,457905.58608,0.0,25309639.28,2444.0,423.0,50.0,10355.826219,59833.6626,506192.7856,0.0,27310873.39,2613.5,454,48.0,10449.922858,60156.108789,568976.52896,0,0.0090863478,0.0389927114
Activella,Estradiol/Norethindrone Acet,1,Overall,,,,255.0,,,,,124105.3,12712.0,255.0,210.0,9.7628461296,486.68745098,590.97761905,0.0,135010.77,13692.0,274.0,78.0,9.8605587204,492.7400365,1730.9073077,0.0,135284.56,13916.0,300.0,57.0,9.7215119287,450.94853333,2373.4133333,0.0,141956.4,14560.0,293,63.0,9.7497527473,484.49283276,2253.2761905,0,0.0029049821,-0.000447248
Activella,Estradiol/Norethindrone Acet,1,Amneal Pharmace,,,,,,,,,124105.3,12712.0,255.0,85.0,9.7628461296,486.68745098,1460.0623529,0.0,135010.77,13692.0,274.0,78.0,9.8605587204,492.7400365,1730.9073077,0.0,135284.56,13916.0,300.0,57.0,9.7215119287,450.94853333,2373.4133333,0.0,141956.4,14560.0,293,63.0,9.7497527473,484.49283276,2253.2761905,0,0.0029049821,-0.000447248
Actonel,Risedronate Sodium,1,Overall,3671232.33,36899.0,6597.0,1445.0,173.7016191,556.5002774,2540.6452111,0.0,2907325.96,27665.0,4581.0,1064.0,180.19744094,634.64875791,2732.4492105,0.0,2358868.74,20947.0,3568.0,809.0,177.27702473,661.1179204,2915.7833622,0.0,1788277.96,15477.0,2562.0,624.0,176.30354364,698.00076503,2865.8300641,0.0,1460182.27,12468.0,2048,492.0,176.71732897,712.97962402,2967.8501423,0,0.0023470051,0.0043123842
Actonel,Risedronate Sodium,1,Actavis/Allerga,3671232.33,36899.0,6597.0,1445.0,173.7016191,556.5002774,2540.6452111,0.0,2907325.96,27665.0,4581.0,1064.0,180.19744094,634.64875791,2732.4492105,0.0,2358868.74,20947.0,3568.0,809.0,177.27702473,661.1179204,2915.7833622,0.0,1788277.96,15477.0,2562.0,624.0,176.30354364,698.00076503,2865.8300641,0.0,1460182.27,12468.0,2048,492.0,176.71732897,712.97962402,2967.8501423,0,0.0023470051,0.0043123842
Actoplus Met,Pioglitazone HCl/Metformin HCl,1,Overall,461467.05,47787.0,556.0,113.0,9.6560596474,829.97670863,4083.7792035,0.0,374075.5,38502.0,433.0,91.0,9.7145046127,863.91570439,4110.7197802,0.0,312105.56,32169.0,364.0,75.0,9.702088547,857.43285714,4161.4074667,0.0,203503.89,20419.0,246.0,51.0,9.9670340025,827.25158537,3990.2723529,0.0,140808.93,13698.0,169,33.0,10.278671511,833.18893491,4266.9372727,0,0.0312668251,0.015743991
Actoplus Met,Pioglitazone HCl/Metformin HCl,1,Takeda Pharmace,461467.05,47787.0,556.0,113.0,9.6560596474,829.97670863,4083.7792035,0.0,374075.5,38502.0,433.0,91.0,9.7145046127,863.91570439,4110.7197802,0.0,312105.56,32169.0,364.0,75.0,9.702088547,857.43285714,4161.4074667,0.0,203503.89,20419.0,246.0,51.0,9.9670340025,827.25158537,3990.2723529,0.0,140808.93,13698.0,169,33.0,10.278671511,833.18893491,4266.9372727,0,0.0312668251,0.015743991
Actos,Pioglitazone HCl,1,Overall,2784260.16,159372.0,2982.0,632.0,17.424158246,933.68885312,4405.4749367,0.0,2293887.44,132352.0,2461.0,546.0,17.302141511,932.09566843,4201.2590476,0.0,2092475.64,120551.0,2035.0,481.0,17.349038645,1028.2435577,4350.2612058,0.0,1749928.48,98359.0,1619.0,378.0,17.844284208,1080.8699691,4629.4404233,0.0,1353112.4,75582.0,1201,302.0,18.072638526,1126.6547877,4480.5046358,0,0.0127970568,0.0091772205
Actos,Pioglitazone HCl,1,Takeda Pharmace,2784260.16,159372.0,2982.0,632.0,17.424158246,933.68885312,4405.4749367,0.0,2293887.44,132352.0,2461.0,546.0,17.302141511,932.09566843,4201.2590476,0.0,2092475.64,120551.0,2035.0,481.0,17.349038645,1028.2435577,4350.2612058,0.0,1749928.48,98359.0,1619.0,378.0,17.844284208,1080.8699691,4629.4404233,0.0,1353112.4,75582.0,1201,302.0,18.072638526,1126.6547877,4480.5046358,0,0.0127970568,0.0091772205
Acular,Ketorolac Tromethamine,1,Overall,89458.99,2401.0,383.0,216.0,37.259054561,233.57438642,414.16199074,0.0,73030.12,1865.0,297.0,177.0,39.158241287,245.89265993,412.59954802,0.0,92184.89,2245.0,353.0,214.0,41.062311804,261.14699717,430.77051402,0.0,64615.68,1325.0,195.0,94.0,48.766550943,331.36246154,687.40085106,1.0,48975.95,1090.0,145,79.0,44.93206422,337.76517241,619.94873418,0,-0.078629443,0.0479272532
Acular,Ketorolac Tromethamine,1,Allergan Inc.,89458.99,2401.0,383.0,216.0,37.259054561,233.57438642,414.16199074,0.0,73030.12,1865.0,297.0,177.0,39.158241287,245.89265993,412.59954802,0.0,92184.89,2245.0,353.0,214.0,41.062311804,261.14699717,430.77051402,0.0,64615.68,1325.0,195.0,94.0,48.766550943,331.36246154,687.40085106,1.0,48975.95,1090.0,145,79.0,44.93206422,337.76517241,619.94873418,0,-0.078629443,0.0479272532
Acular Ls,Ketorolac Tromethamine,1,Overall,55760.95,1170.0,183.0,87.0,47.658931624,304.70464481,640.93045977,1.0,42093.7,895.0,128.0,61.0,47.032067039,328.85703125,690.06065574,1.0,36788.28,750.0,124.0,67.0,49.05104,296.67967742,549.07880597,1.0,22762.86,435.0,66.0,36.0,52.328413793,344.89181818,632.30166667,0.0,19001.64,340.0,52,33.0,55.887176471,365.41615385,575.80727273,0,0.0680082276,0.0406195162
Acular Ls,Ketorolac Tromethamine,1,Allergan Inc.,55760.95,1170.0,183.0,87.0,47.658931624,304.70464481,640.93045977,1.0,42093.7,895.0,128.0,61.0,47.032067039,328.85703125,690.06065574,1.0,36788.28,750.0,124.0,67.0,49.05104,296.67967742,549.07880597,1.0,22762.86,435.0,66.0,36.0,52.328413793,344.89181818,632.30166667,0.0,19001.64,340.0,52,33.0,55.887176471,365.41615385,575.80727273,0,0.0680082276,0.0406195162
Acuvail,Ketorolac Tromethamine/PF,1,Overall,350759.69,34304.0,774.0,343.0,10.225037605,453.17789406,1022.6230029,0.0,292214.13,27503.0,587.0,274.0,10.624809294,497.80942078,1066.474927,0.0,215551.35,20437.0,392.0,172.0,10.547113079,549.87589286,1253.2055233,0.0,221208.02,19678.0,381.0,166.0,11.241387336,580.59847769,1332.5784337,0.0,145368.53,12620.0,264,121.0,11.518900951,550.63837121,1201.3928099,0,0.0246867763,0.0302355515
Acuvail,Ketorolac Tromethamine/PF,1,Allergan Inc.,350759.69,34304.0,774.0,343.0,10.225037605,453.17789406,1022.6230029,0.0,292214.13,27503.0,587.0,274.0,10.624809294,497.80942078,1066.474927,0.0,215551.35,20437.0,392.0,172.0,10.547113079,549.87589286,1253.2055233,0.0,221208.02,19678.0,381.0,166.0,11.241387336,580.59847769,1332.5784337,0.0,145368.53,12620.0,264,121.0,11.518900951,550.63837121,1201.3928099,0,0.0246867763,0.0302355515
Acyclovir Sodium,Acyclovir Sodium,2,Overall,77171.15,98255.5,340.0,111.0,0.8093595731,226.97397059,695.23558559,0.0,62813.01,89428.8,299.0,112.0,0.7073315064,210.07695652,560.83044643,0.0,53556.56,93773.76,252.0,126.0,0.589112411,212.52603175,425.05206349,0.0,36090.15,1081641.44,195.0,85.0,0.3546669754,185.07769231,424.59,0.0,55628.09,70751.6,276,116.0,0.8340859055,201.55105072,479.5525,0,1.3517439269,0.0075516502
Acyclovir Sodium,Acyclovir Sodium,1,Auromedics-Eugi,51384.28,57475.5,230.0,71.0,0.8940205827,223.40991304,723.72225352,0.0,22718.61,30907.9,133.0,60.0,0.7350421737,170.81661654,378.6435,0.0,25426.93,39266.76,140.0,70.0,0.6475433675,181.62092857,363.24185714,0.0,15840.78,1054675.44,105.0,44.0,0.015019578,150.86457143,360.01772727,0.0,28785.24,47466.8,161,72.0,0.6064289145,178.79031056,399.795,0,39.375895774,-0.092476049
Acyclovir Sodium,Acyclovir Sodium,1,Fresenius Kabi,25786.87,40780.0,110.0,45.0,0.6323410986,234.42609091,573.04155556,0.0,40094.4,58520.9,166.0,50.0,0.6851295862,241.53253012,801.888,1.0,28129.63,54507.0,112.0,57.0,0.5160737153,251.15741071,493.5022807,0.0,20249.37,26966.0,90.0,43.0,0.7509222725,224.993,470.9155814,0.0,26842.85,23284.8,115,51.0,1.152805693,233.41608696,526.33039216,0,0.5351864437,0.1619867497
Acyclovir*,Acyclovir,34,Overall,47901753.84,121554261.53,1794381.0,674884.0,0.7122415495,26.695419668,70.977758904,0.0,57692803.04,129872947.68,1851986.0,688547.0,1.384643728,31.151857001,83.789201086,0.0,58462575.08,139164612.39,1874373.0,669360.0,1.5932487076,31.190470136,87.34100496,0.0,54648777.95,140048268.2,1827331.0,660087.0,1.3303902221,29.906337686,82.79026545,0.0,52003828.08,144760686.5,1862131,663424.0,1.0246998509,27.927051362,78.387016569,0,-0.229774968,0.0951972432
Acyclovir*,Acyclovir,1,Quinn Pharmaceu,58205.18,411670.0,6210.0,3495.0,0.1413879564,9.3728148148,16.653842632,0.0,73775.92,574167.0,7933.0,3454.0,0.1284920938,9.2998764654,21.359559931,0.0,153206.62,961732.0,12278.0,5648.0,0.1593028203,12.478141391,27.125817989,0.0,168405.65,1035215.0,13731.0,6367.0,0.1626769801,12.264631127,26.44976441,0.0,159058.23,826359.0,10709,4877.0,0.1924807862,14.852762163,32.613949149,0,0.1832085033,0.0801740551
Acyclovir*,Acyclovir,1,Ranbaxy/Sun Pha,9800.88,33869.2,794.0,480.0,0.2982299362,12.343677582,20.4185,0.0,9584.36,31395.2,711.0,441.0,0.3202574333,13.480112518,21.73324263,0.0,6892.89,22183.0,541.0,371.0,0.332127143,12.741016636,18.579218329,0.0,5834.76,18453.0,409.0,257.0,0.3368965854,14.26591687,22.703346304,0.0,5569.52,17430.0,378,261.0,0.3441941834,14.734179894,21.339157088,0,0.0216612406,0.0364851228
Acyclovir*,Acyclovir,1,Major Pharmaceu,8647.93,35930.0,759.0,383.0,0.2484134525,11.393847167,22.579451697,0.0,11144.19,49899.0,926.0,483.0,0.2233220609,12.034762419,23.072857143,0.0,8500.36,40579.0,786.0,392.0,0.2139514046,10.814707379,21.684591837,0.0,12202.48,58276.0,967.0,485.0,0.2154546569,12.618903826,25.159752577,0.0,10090.67,43173.0,737,354.0,0.2381826001,13.691546811,28.504717514,0,0.1054882895,-0.010459143
Acyclovir*,Acyclovir,1,Bionpharma Inc.,,,,,,,,,,,,,,,,,27378.92,113602.0,1544.0,1455.0,0.2453886643,17.73246114,18.817127148,0.0,1601515.91,6896934.0,97666.0,44928.0,0.2414682692,16.397885753,35.646276487,0.0,2581062.29,10077295.0,147826,60558.0,0.2628985126,17.460137527,42.621326497,0,0.0887497285,0.035063076
Acyclovir*,Acyclovir,1,Novitium/Ani Ph,,,,,,,,,,,,,,,,,114175.21,222957.0,401.0,271.0,0.5120952022,284.72620948,421.31073801,0.0,543370.82,1101372.5,2205.0,973.0,0.4933578966,246.42667574,558.44894142,0.0,458494.23,948704.5,1947,914.0,0.4832845528,235.48753467,501.63482495,0,-0.020417924,-0.02853736
Acyclovir*,Acyclovir,1,Macleods Pharma,,,,,,,,,,,,,,,,,,,,,,,,,,,,,,,,,4032.71,930.0,35,27.0,4.3362473118,115.22028571,149.35962963,1,,
Acyclovir*,Acyclovir,1,Tolmar Inc.,1003602.72,150570.0,7051.0,5406.0,6.6653564455,142.33480641,185.64608213,0.0,842022.84,182488.0,8277.0,6033.0,4.6141271755,101.73043856,139.56950771,0.0,556643.98,143297.4,6402.0,4447.0,3.8845364954,86.948450484,125.17292107,0.0,178284.01,44431.0,1850.0,1344.0,4.0126040377,96.369735135,132.65179315,0.0,29667.13,7695.0,313,236.0,3.8553775179,94.783162939,125.70817797,0,-0.039183163,-0.127910851
Acyclovir*,Acyclovir,1,Zydus Pharmaceu*,5475802.66,25327729.76,336975.0,140065.0,0.2243854989,16.249878062,39.094725021,0.0,5652304.23,24170828.566,332632.0,144887.0,0.2585250497,16.992665258,39.01181079,0.0,5643783.98,21749759.312,276000.0,112367.0,0.3104891173,20.448492681,50.226347415,0.0,4583721.58,17003023.0,222869.0,98265.0,0.2913006414,20.566887185,46.64653315,0.0,3995096.27,17750714.0,216276,93430.0,0.2349885442,18.472212682,42.760315423,0,-0.193312644,0.011609679
Acyclovir*,Acyclovir,1,Ranbaxy Pharmac,10323.46,49418.0,931.0,374.0,0.2096663932,11.088571429,27.602834225,0.0,9457.51,39943.0,758.0,318.0,0.2381287465,12.476926121,29.740597484,0.0,7754.16,38233.0,707.0,268.0,0.2029894576,10.967694484,28.933432836,0.0,7954.03,32760.0,606.0,206.0,0.2426254964,13.125462046,38.611796117,0.0,6739.15,22428.0,380,162.0,0.3007708898,17.734605263,41.599691358,0,0.2396507958,0.0944016624
Acyclovir*,Acyclovir,1,Carlsbad Tech,5964455.69,28986983.356,419903.0,172716.0,0.2122976904,14.204365508,34.533313011,0.0,5307203.67,26609441.0,348804.0,150926.0,0.2054147492,15.215432363,35.164276997,0.0,5133526.54,23980245.009,283985.0,125752.0,0.2230221748,18.076752434,40.822623418,0.0,1934754.0,10030863.0,129277.0,72592.0,0.1974398222,14.965956821,26.65244104,0.0,2271711.75,12390732.3,158426,76376.0,0.1905798708,14.339260917,29.743790589,0,-0.034744518,-0.026618832
Acyclovir*,Acyclovir,1,Padagis,,,,,,,,,9699617.09,72149.0,10383.0,7570.0,134.43869063,934.18251854,1281.3232616,0.0,10204601.16,79212.0,11822.0,8093.0,128.82645508,863.18737608,1260.916985,0.0,5737672.61,51748.0,7797.0,5351.0,110.87718578,735.88208413,1072.2617473,0.0,2150479.37,38926.0,5809,4006.0,55.245321122,370.19786022,536.81462057,1,-0.501743116,-0.256540909
Acyclovir*,Acyclovir,1,Actavis/Teva*,2786156.92,1818172.112,8558.0,4969.0,6.9233783951,325.56168731,560.70777219,0.0,2023923.86,1791467.664,6928.0,3877.0,4.8980905521,292.13681582,522.03349497,0.0,1343661.63,1621712.744,5399.0,2926.0,3.3941707599,248.87231524,459.21450103,0.0,966292.75,1185284.0,3997.0,2194.0,3.6322920745,241.75450338,440.42513674,0.0,785793.49,933621.5,3229,1840.0,3.6683086802,243.35506039,427.06167935,0,0.0099156689,-0.146827298
Acyclovir*,Acyclovir,1,Chartwell Rx Ll,,,,,,,,,,,,,,,,,,,,,,,,,,,,,,,,,112.89,465.0,13,12.0,0.2625268065,8.6838461538,9.4075,1,,
Acyclovir*,Acyclovir,1,Amneal Pharmace,6978230.03,673472.0,25836.0,18934.0,10.361574097,270.09715242,368.55551019,0.0,4248605.21,542009.6,21902.0,15869.0,7.838616161,193.9825226,267.72986389,0.0,2497088.01,465482.44,17661.0,12325.0,5.3828677647,141.38995583,202.60348966,1.0,3681092.94,304371.0,15281.0,11041.0,24.944942422,240.89345854,333.40213205,0.0,5414498.31,322954.0,17828,12530.0,33.218749852,303.70755609,432.12277015,0,0.3316827632,0.3381025145
Acyclovir*,Acyclovir,1,Glenmark Pharma,1728763.62,175225.0,6433.0,4930.0,9.8659644457,268.7336577,350.66199189,0.0,5961006.74,746965.0,17387.0,11181.0,7.9803026112,342.84274113,533.13717378,0.0,1834285.05,347289.0,13385.0,9047.0,5.2817251626,137.0403474,202.7506411,1.0,1752034.99,326771.0,12508.0,8428.0,5.3616599698,140.07315238,207.88265187,1.0,1670016.19,328052.0,12899,8869.0,5.0907057113,129.46865571,188.29813846,1,-0.050535517,-0.152461157
Acyclovir*,Acyclovir,1,Avet Pharmaceut,1519370.58,8296846.5,121279.0,54363.0,0.1842380096,12.527895019,27.948615419,0.0,2815790.06,13583351.5,183454.0,82323.0,0.2107766111,15.348752603,34.204172103,0.0,5615786.92,21807811.0,270679.0,125940.0,0.262368151,20.747035862,44.590971256,0.0,6834755.29,28041662.99,307389.0,134247.0,0.2492156072,22.234872718,50.911791623,0.0,5793536.93,22937619.97,250816,104798.0,0.2570386959,23.098753389,55.282895952,0,0.031390846,0.086812986
Acyclovir*,Acyclovir,1,Teva USA*,1564700.76,7561335.0,121060.0,55642.0,0.2155152225,12.925002148,28.120857626,0.0,955111.66,1561162.041,28222.0,15473.0,2.9775049464,33.842805613,61.72763265,0.0,4274486.0,89313.0,5426.0,3657.0,105.61488366,787.77847401,1168.8504238,0.0,2824861.91,25720.0,3614.0,2440.0,109.83133398,781.64413669,1157.730291,0.0,1580339.88,16495.0,2212,1519.0,95.807207032,714.43936709,1040.3817512,0,-0.12768785,3.5917692692
Acyclovir*,Acyclovir,1,Viona Pharmaceu*,,,,,,,,,,,,,,,,,72626.91,16260.0,884.0,716.0,4.466599631,82.157138009,101.43423184,0.0,919028.66,919050.0,16255.0,9844.0,2.45549169,56.538213473,93.359270622,0.0,2143655.95,6802800.462,81631,35346.0,0.7287426959,26.260317159,60.647766367,0,-0.703219238,-0.596076989
Acyclovir*,Acyclovir,1,Mylan*,3689507.33,391691.0,14251.0,10173.0,10.955290333,258.89462704,362.67643075,0.0,2641095.87,961214.0,12919.0,8934.0,7.8468263856,204.43500813,295.62299866,0.0,1502522.03,817663.0,11067.0,7613.0,4.9814364705,135.76597362,197.36267306,0.0,1046570.1,324674.0,10066.0,7434.0,4.5531912728,103.9708027,140.78155771,0.0,828476.05,222392.0,8581,6451.0,4.3817388707,96.547727538,128.42598822,0,-0.037655436,-0.204746388
Acyclovir*,Acyclovir,1,"Xiromed, LLC",,,,,,,,,,,,,,,,,574245.6,118435.0,4123.0,2689.0,4.8486140077,139.27858356,213.55358869,0.0,1493393.44,279059.0,10749.0,7048.0,5.3515329733,138.93324402,211.88896708,1.0,1559854.8,307589.0,12115,8262.0,5.0712307657,128.75400743,188.79869281,1,-0.052377928,0.0226991167
Acyclovir*,Acyclovir,1,Taro Pharm USA,4035793.41,388028.0,15883.0,11635.0,10.400778836,254.09515898,346.86664461,0.0,1627576.61,217906.0,9375.0,7296.0,7.4691684029,173.60817173,223.07793448,1.0,600896.2,135526.0,5782.0,4344.0,4.4338075351,103.92531996,138.32785451,1.0,684213.58,162955.0,7074.0,5306.0,4.1987884999,96.722304213,128.95091971,1.0,1139732.68,252247.0,11059,8191.0,4.5183200593,103.05928927,139.14450983,1,0.0761008942,-0.188146285
Acyclovir*,Acyclovir,1,Vistapharm/Pai,,,,,,,,,,,,,,,,,,,,,,,,,,,,,,,,,50674.3,176055.25,314,155.0,0.2878318028,161.38312102,326.93096774,0,,
Acyclovir*,Acyclovir,1,Cosette Pharmac,566971.23,52681.0,1949.0,1455.0,10.762347526,290.90365829,389.67094845,0.0,637884.87,74575.0,2950.0,2027.0,8.5536020114,216.23215932,314.69406512,0.0,165634.37,34995.0,1427.0,1051.0,4.7330867267,116.07173791,157.59692674,0.0,129690.9,26915.0,1190.0,912.0,4.8185361323,108.98394958,142.20493421,1.0,29059.98,4515.0,189,147.0,6.4363189369,153.75650794,197.68693878,0,0.3357415531,-0.120607745
Acyclovir*,Acyclovir,1,Alembic Pharmac,,,,,,,,,484153.27,64225.009,2292.0,1199.0,7.5383916256,211.2361562,403.7975563,1.0,527348.11,100001.0,3981.0,2341.0,5.2734283657,132.46624215,225.26617258,1.0,39461.26,7629.0,323.0,227.0,5.1725337528,122.17108359,173.83814978,1.0,10560.29,1690.0,70,49.0,6.2486923077,150.86128571,215.51612245,1,0.2080524954,-0.060629722
Acyclovir*,Acyclovir,1,Northstar Rx Ll,1365475.78,124278.0,5601.0,4118.0,10.987268704,243.79142653,331.58712482,0.0,959925.23,110796.0,5046.0,3851.0,8.6638978844,190.23488506,249.26648403,0.0,977523.9,180598.0,7999.0,5511.0,5.4127061208,122.20576322,177.37686445,0.0,821655.31,156165.0,7079.0,4956.0,5.2614562162,116.06940387,165.79001412,1.0,773446.55,146575.0,6431,4528.0,5.2767972028,120.26847302,170.8141674,1,0.0029157302,-0.167526985
Acyclovir*,Acyclovir,1,Nivagen Pharmac,508964.79,4345323.0,59165.0,30257.0,0.1204306911,8.6024641257,16.821389761,0.0,631038.38,6044245.0,80327.0,31760.0,0.1048140862,7.8558688859,19.868966625,0.0,538340.08,5213487.0,65700.0,25096.0,0.103431445,8.1939129376,21.451230475,0.0,423356.11,4036459.0,48466.0,18842.0,0.1050392135,8.7351155449,22.468745887,0.0,138685.18,1315996.0,17255,9977.0,0.1058442812,8.0373909012,13.900489125,0,0.0076644486,-0.031761038
Acyclovir*,Acyclovir,1,Apotex Corp,1645130.56,8887826.1,112694.0,50298.0,0.1895081472,14.598208955,32.707673466,0.0,1751777.83,9375379.0,119676.0,60205.0,0.1983936786,14.637670293,29.096882817,0.0,3655149.8,16914214.999,230899.0,99559.0,0.2300006802,15.830080685,36.713404112,0.0,1509561.12,9021848.9,111430.0,44936.0,0.184212503,13.547169703,33.593580203,0.0,1225495.14,7009808.5,81893,32739.0,0.1939049231,14.964589647,37.432271603,0,0.0526154302,0.0057504546
Acyclovir*,Acyclovir,1,Yiling Pharmace,1149.68,5405.0,124.0,98.0,0.2292859352,9.2716129032,11.731428571,0.0,196971.43,827479.2,13495.0,8903.0,0.2428508839,14.595882179,22.124163765,0.0,139640.95,609627.5,10386.0,5216.0,0.233711743,13.445113614,26.771654525,0.0,84194.37,322003.0,5321.0,2813.0,0.2664375696,15.823035144,29.93045503,0.0,75134.14,245021.0,4332,2380.0,0.315588246,17.343984303,31.568966387,0,0.18447352,0.083143134
Acyclovir*,Acyclovir,1,Torrent Pharmac,,,,,,,,,461499.91,60439.0,2950.0,2443.0,7.6357965883,156.44064746,188.90704462,1.0,907569.32,165531.0,7724.0,5810.0,5.4827755526,117.49991196,156.20814458,1.0,600423.11,100051.0,4758.0,3728.0,6.001170503,126.19233081,161.05770118,1.0,424923.25,87698.0,4239,3018.0,4.8453014892,100.24138948,140.7963055,1,-0.192607261,-0.140678882
Acyclovir*,Acyclovir,1,Camber Pharmace,7971893.18,33621632.5,522754.0,236025.0,0.2452714746,15.249798529,33.775630463,0.0,10259726.02,41893968.4,630690.0,269959.0,0.2523334005,16.267462652,38.004756352,0.0,10957503.37,42611804.485,613882.0,245717.0,0.2657359417,17.849527059,44.593997851,0.0,15665296.46,57968591.105,780975.0,313622.0,0.2796323497,20.05864011,49.949609594,0.0,16339552.25,61016642.02,801007,306250.0,0.2755911788,20.398763369,53.35364,0,-0.014451729,0.02956689
Acyclovir*,Acyclovir,1,Hi-Tech/Akorn C,73310.28,128071.0,264.0,182.0,0.5724190488,277.69045455,402.80373626,0.0,123164.11,248998.5,509.0,295.0,0.4946379597,241.9727112,417.50545763,0.0,288267.91,538968.5,1085.0,591.0,0.5348511277,265.68470968,487.76296108,0.0,289068.93,545169.2,1093.0,546.0,0.5302370897,264.47294602,529.43027473,0.0,253508.47,489226.0,959,507.0,0.5181827417,264.34668405,500.01670611,0,-0.022733883,-0.024578741
